category_low_id,week_num,cl_uu
1000,1,24596
1000,2,26427
1000,3,25101
1000,4,26278
1000,5,24942
1000,6,25291
1000,7,23462
1000,8,19456
1000,9,19634
1000,10,19204
1000,11,17907
1000,12,18675
1000,13,18046
1000,14,19444
1000,15,22034
1000,16,18281
1000,17,18874
1000,18,19332
1000,19,20271
1000,20,20406
1000,21,17368
1000,22,18318
1000,23,18475
1000,24,17374
1000,25,16842
1000,26,17569
1000,27,19492
1000,28,18732
1000,29,18665
1000,30,18168
1000,31,19828
1000,32,19173
1000,33,19745
1000,34,21874
1000,35,21311
1000,36,21646
1000,37,21948
1000,38,23683
1000,39,21961
1000,40,22809
1000,41,22975
1000,42,22470
1000,43,21422
1000,44,18986
1000,45,25479
1001,1,54112
1001,2,53828
1001,3,55650
1001,4,57768
1001,5,55922
1001,6,57985
1001,7,64899
1001,8,66801
1001,9,59488
1001,10,58537
1001,11,58899
1001,12,67486
1001,13,66264
1001,14,51325
1001,15,44089
1001,16,47224
1001,17,45093
1001,18,42621
1001,19,53759
1001,20,54099
1001,21,57423
1001,22,58169
1001,23,61889
1001,24,61094
1001,25,64871
1001,26,67974
1001,27,56313
1001,28,51424
1001,29,50997
1001,30,56585
1001,31,48556
1001,32,43733
1001,33,59295
1001,34,53548
1001,35,54840
1001,36,50677
1001,37,56067
1001,38,54669
1001,39,56085
1001,40,45963
1001,41,47109
1001,42,48063
1001,43,49484
1001,44,44068
1001,45,49355
1002,1,45
1002,2,33
1002,3,39
1002,4,59
1002,5,40
1002,6,47
1002,7,44
1002,8,53
1002,9,66
1002,10,61
1002,11,60
1002,12,51
1002,13,46
1002,14,28
1002,15,29
1002,16,70
1002,17,72
1002,18,43
1002,19,71
1002,20,70
1002,21,58
1002,22,46
1002,23,63
1002,24,62
1002,25,57
1002,26,56
1002,27,96
1002,28,121
1002,29,92
1002,30,108
1002,31,95
1002,32,91
1002,33,89
1002,34,77
1002,35,77
1002,36,81
1002,37,74
1002,38,75
1002,39,78
1002,40,86
1002,41,105
1002,42,90
1002,43,83
1002,44,106
1002,45,88
1003,1,4665
1003,2,3538
1003,3,4182
1003,4,3638
1003,5,4764
1003,6,4996
1003,7,16249
1003,8,10989
1003,9,7220
1003,10,7390
1003,11,5665
1003,12,4759
1003,13,4642
1003,14,3849
1003,15,3532
1003,16,3503
1003,17,8479
1003,18,3808
1003,19,4499
1003,20,4376
1003,21,4252
1003,22,4319
1003,23,4411
1003,24,4748
1003,25,5222
1003,26,5029
1003,27,4964
1003,28,4505
1003,29,4726
1003,30,5452
1003,31,4419
1003,32,4640
1003,33,5794
1003,34,5127
1003,35,5629
1003,36,4448
1003,37,5166
1003,38,5224
1003,39,4730
1003,40,5608
1003,41,5164
1003,42,6060
1003,43,6004
1003,44,6349
1003,45,6413
1100,1,21034
1100,2,20051
1100,3,18988
1100,4,17260
1100,5,18724
1100,6,16499
1100,7,14705
1100,8,15866
1100,9,15621
1100,10,14409
1100,11,14148
1100,12,14843
1100,13,14064
1100,14,17187
1100,15,15132
1100,16,14525
1100,17,13986
1100,18,15919
1100,19,19173
1100,20,17780
1100,21,16119
1100,22,16313
1100,23,14926
1100,24,14731
1100,25,13035
1100,26,12445
1100,27,12472
1100,28,10974
1100,29,10474
1100,30,10472
1100,31,12888
1100,32,12576
1100,33,12648
1100,34,11328
1100,35,13522
1100,36,16645
1100,37,12374
1100,38,11470
1100,39,13465
1100,40,15336
1100,41,13225
1100,42,12544
1100,43,11597
1100,44,12751
1100,45,13663
1101,1,188963
1101,2,184649
1101,3,168390
1101,4,219053
1101,5,211728
1101,6,205979
1101,7,231337
1101,8,248789
1101,9,226285
1101,10,213587
1101,11,210165
1101,12,225737
1101,13,221734
1101,14,234886
1101,15,234973
1101,16,193981
1101,17,136326
1101,18,166804
1101,19,177362
1101,20,168908
1101,21,101366
1101,22,131033
1101,23,158451
1101,24,208250
1101,25,209029
1101,26,206347
1101,27,187507
1101,28,158596
1101,29,156392
1101,30,166613
1101,31,163328
1101,32,161306
1101,33,169870
1101,34,162161
1101,35,155843
1101,36,162363
1101,37,158855
1101,38,161222
1101,39,156948
1101,40,158149
1101,41,165203
1101,42,158751
1101,43,156943
1101,44,144043
1101,45,154051
1102,1,12278
1102,2,11974
1102,3,7757
1102,4,8202
1102,5,9304
1102,6,8393
1102,7,7825
1102,8,7518
1102,9,7671
1102,10,6749
1102,11,5785
1102,12,5976
1102,13,6223
1102,14,6500
1102,15,5580
1102,16,5114
1102,17,5082
1102,18,5535
1102,19,6775
1102,20,7136
1102,21,6243
1102,22,7143
1102,23,6879
1102,24,6872
1102,25,7545
1102,26,7342
1102,27,6411
1102,28,6263
1102,29,6159
1102,30,6220
1102,31,6587
1102,32,5683
1102,33,6599
1102,34,6556
1102,35,6826
1102,36,8258
1102,37,8417
1102,38,8314
1102,39,7678
1102,40,8075
1102,41,7925
1102,42,6612
1102,43,5779
1102,44,6495
1102,45,5997
1201,1,1489
1201,2,1972
1201,3,2305
1201,4,2374
1201,5,2289
1201,6,2421
1201,7,2741
1201,8,3305
1201,9,2605
1201,10,2560
1201,11,2764
1201,12,2869
1201,13,2241
1201,14,1516
1201,15,1406
1201,16,1236
1201,17,1098
1201,18,1069
1201,19,1552
1201,20,1582
1201,21,1583
1201,22,1621
1201,23,1905
1201,24,1784
1201,25,1772
1201,26,1873
1201,27,1615
1201,28,1567
1201,29,1550
1201,30,1552
1201,31,1345
1201,32,1193
1201,33,1446
1201,34,1565
1201,35,1529
1201,36,1316
1201,37,1215
1201,38,1294
1201,39,1663
1201,40,1349
1201,41,1156
1201,42,1138
1201,43,1224
1201,44,1130
1201,45,1247
1202,1,618
1202,2,757
1202,3,1346
1202,4,1489
1202,5,1328
1202,6,1445
1202,7,1480
1202,8,1730
1202,9,1854
1202,10,1911
1202,11,2248
1202,12,2198
1202,13,2197
1202,14,2184
1202,15,1986
1202,16,1994
1202,17,1627
1202,18,1718
1202,19,1942
1202,20,1801
1202,21,1508
1202,22,1775
1202,23,1497
1202,24,1239
1202,25,1247
1202,26,1047
1202,27,1056
1202,28,1043
1202,29,990
1202,30,1013
1202,31,1007
1202,32,897
1202,33,1103
1202,34,1150
1202,35,1132
1202,36,1135
1202,37,1004
1202,38,1012
1202,39,1106
1202,40,1089
1202,41,1026
1202,42,882
1202,43,811
1202,44,752
1202,45,773
1999,1,501
1999,2,642
1999,3,571
1999,4,630
1999,5,619
1999,6,939
1999,7,1308
1999,8,990
1999,9,518
1999,10,554
1999,11,541
1999,12,619
1999,13,457
1999,14,1165
1999,15,699
1999,16,1095
1999,17,722
1999,18,826
1999,19,1161
1999,20,1022
1999,21,2175
1999,22,1780
1999,23,2149
1999,24,1641
1999,25,1115
1999,26,1007
1999,27,1383
1999,28,1829
1999,29,1838
1999,30,2918
1999,31,3136
1999,32,3381
1999,33,2688
1999,34,2984
1999,35,4648
1999,36,6185
1999,37,7155
1999,38,5506
1999,39,5423
1999,40,5237
1999,41,7061
1999,42,7547
1999,43,7768
1999,44,9111
1999,45,13108
2000,1,17767
2000,2,16301
2000,3,16619
2000,4,15634
2000,5,18193
2000,6,18459
2000,7,16596
2000,8,18028
2000,9,18911
2000,10,18411
2000,11,18081
2000,12,16497
2000,13,14993
2000,14,16981
2000,15,13756
2000,16,13616
2000,17,12619
2000,18,13910
2000,19,12533
2000,20,12078
2000,21,11650
2000,22,11857
2000,23,13226
2000,24,13233
2000,25,14352
2000,26,14637
2000,27,14357
2000,28,16022
2000,29,17551
2000,30,17475
2000,31,18113
2000,32,14070
2000,33,14815
2000,34,13897
2000,35,14933
2000,36,18558
2000,37,18762
2000,38,18375
2000,39,18995
2000,40,20400
2000,41,20996
2000,42,28186
2000,43,28325
2000,44,25357
2000,45,26937
2001,1,480589
2001,2,356641
2001,3,280901
2001,4,292045
2001,5,277005
2001,6,300264
2001,7,279840
2001,8,291492
2001,9,300037
2001,10,321382
2001,11,259701
2001,12,250767
2001,13,275825
2001,14,235744
2001,15,238306
2001,16,285910
2001,17,248814
2001,18,259221
2001,19,255322
2001,20,370994
2001,21,220332
2001,22,240682
2001,23,242279
2001,24,213726
2001,25,208123
2001,26,286472
2001,27,235592
2001,28,249535
2001,29,246686
2001,30,169008
2001,31,202113
2001,32,142716
2001,33,149390
2001,34,163562
2001,35,221119
2001,36,208847
2001,37,238262
2001,38,232777
2001,39,252068
2001,40,196962
2001,41,200399
2001,42,234294
2001,43,223401
2001,44,251471
2001,45,254801
2100,1,67540
2100,2,68406
2100,3,78798
2100,4,81512
2100,5,92172
2100,6,112867
2100,7,104546
2100,8,110963
2100,9,102236
2100,10,97282
2100,11,79616
2100,12,87624
2100,13,77762
2100,14,90049
2100,15,103812
2100,16,99013
2100,17,86592
2100,18,107248
2100,19,105903
2100,20,100396
2100,21,94337
2100,22,87254
2100,23,89604
2100,24,98347
2100,25,85520
2100,26,89328
2100,27,80991
2100,28,75552
2100,29,77679
2100,30,65526
2100,31,63625
2100,32,61184
2100,33,68980
2100,34,85125
2100,35,79987
2100,36,70625
2100,37,74596
2100,38,78327
2100,39,70714
2100,40,58592
2100,41,64677
2100,42,64787
2100,43,67812
2100,44,63966
2100,45,65807
2200,1,20969
2200,2,18549
2200,3,18421
2200,4,17988
2200,5,19242
2200,6,18254
2200,7,15756
2200,8,16497
2200,9,15506
2200,10,15086
2200,11,15264
2200,12,13542
2200,13,13203
2200,14,13269
2200,15,14018
2200,16,13995
2200,17,14494
2200,18,14104
2200,19,14323
2200,20,13417
2200,21,12688
2200,22,14290
2200,23,15291
2200,24,13171
2200,25,12660
2200,26,12886
2200,27,11922
2200,28,11810
2200,29,12261
2200,30,11662
2200,31,11938
2200,32,11898
2200,33,12408
2200,34,12591
2200,35,12341
2200,36,11785
2200,37,12414
2200,38,13476
2200,39,13245
2200,40,13675
2200,41,14423
2200,42,14208
2200,43,14301
2200,44,14174
2200,45,14158
2201,1,35200
2201,2,31931
2201,3,30468
2201,4,32359
2201,5,31554
2201,6,30121
2201,7,31931
2201,8,31112
2201,9,29272
2201,10,28290
2201,11,28292
2201,12,29036
2201,13,29089
2201,14,28614
2201,15,28456
2201,16,25311
2201,17,16986
2201,18,24805
2201,19,27120
2201,20,25867
2201,21,15643
2201,22,21624
2201,23,26199
2201,24,31013
2201,25,31854
2201,26,32180
2201,27,31050
2201,28,30985
2201,29,32376
2201,30,42733
2201,31,46821
2201,32,44176
2201,33,39425
2201,34,42055
2201,35,36056
2201,36,38593
2201,37,35430
2201,38,34815
2201,39,35275
2201,40,37549
2201,41,38084
2201,42,35410
2201,43,34493
2201,44,33416
2201,45,33808
2202,1,15465
2202,2,17566
2202,3,15585
2202,4,11856
2202,5,14440
2202,6,14241
2202,7,10881
2202,8,11952
2202,9,11623
2202,10,12309
2202,11,10446
2202,12,9490
2202,13,11827
2202,14,10867
2202,15,10761
2202,16,10983
2202,17,11781
2202,18,11076
2202,19,16105
2202,20,3210
2202,21,2954
2202,22,2750
2202,23,2904
2202,24,2989
2202,25,3359
2202,26,3030
2202,27,2514
2202,28,2405
2202,29,3194
2202,30,3165
2202,31,3435
2202,32,3181
2202,33,3535
2202,34,3355
2202,35,3445
2202,36,3602
2202,37,3614
2202,38,3527
2202,39,3506
2202,40,3398
2202,41,3414
2202,42,3055
2202,43,3966
2202,44,4464
2202,45,3901
2203,1,60212
2203,2,57055
2203,3,59480
2203,4,71922
2203,5,70465
2203,6,63850
2203,7,62261
2203,8,72756
2203,9,69353
2203,10,62956
2203,11,65456
2203,12,63912
2203,13,65633
2203,14,68224
2203,15,56845
2203,16,62278
2203,17,55225
2203,18,55009
2203,19,58094
2203,20,56638
2203,21,45411
2203,22,48801
2203,23,51048
2203,24,63770
2203,25,63606
2203,26,63925
2203,27,54580
2203,28,41608
2203,29,42067
2203,30,56496
2203,31,73903
2203,32,72288
2203,33,74525
2203,34,74301
2203,35,62168
2203,36,53016
2203,37,67043
2203,38,69945
2203,39,63505
2203,40,63591
2203,41,62450
2203,42,45489
2203,43,42563
2203,44,47011
2203,45,62522
2204,1,25956
2204,2,31293
2204,3,23661
2204,4,26265
2204,5,28569
2204,6,33351
2204,7,26953
2204,8,31826
2204,9,27746
2204,10,26202
2204,11,23469
2204,12,24854
2204,13,24094
2204,14,26125
2204,15,30763
2204,16,25192
2204,17,24315
2204,18,27923
2204,19,31700
2204,20,30086
2204,21,28427
2204,22,28500
2204,23,38746
2204,24,36365
2204,25,37452
2204,26,37694
2204,27,34820
2204,28,31620
2204,29,32632
2204,30,34450
2204,31,32922
2204,32,35081
2204,33,40735
2204,34,43910
2204,35,41180
2204,36,41357
2204,37,47741
2204,38,45049
2204,39,42291
2204,40,42326
2204,41,44299
2204,42,45584
2204,43,40737
2204,44,35132
2204,45,36120
2300,1,96168
2300,2,97083
2300,3,96568
2300,4,100260
2300,5,100832
2300,6,122012
2300,7,137939
2300,8,140259
2300,9,122527
2300,10,114693
2300,11,106692
2300,12,115743
2300,13,107345
2300,14,127691
2300,15,126003
2300,16,128452
2300,17,120870
2300,18,120009
2300,19,154568
2300,20,161112
2300,21,146728
2300,22,143263
2300,23,142122
2300,24,144071
2300,25,159044
2300,26,143300
2300,27,141444
2300,28,139598
2300,29,146017
2300,30,150744
2300,31,148957
2300,32,145689
2300,33,168729
2300,34,171309
2300,35,164111
2300,36,133981
2300,37,126457
2300,38,122555
2300,39,124726
2300,40,122592
2300,41,123554
2300,42,109064
2300,43,114004
2300,44,102999
2300,45,105228
2301,1,12373
2301,2,20414
2301,3,14932
2301,4,14972
2301,5,16289
2301,6,17953
2301,7,16722
2301,8,16955
2301,9,14638
2301,10,15119
2301,11,14152
2301,12,15494
2301,13,14829
2301,14,15403
2301,15,16858
2301,16,24336
2301,17,19937
2301,18,18239
2301,19,21932
2301,20,24831
2301,21,23580
2301,22,23399
2301,23,22829
2301,24,22074
2301,25,22650
2301,26,20708
2301,27,18305
2301,28,18202
2301,29,17883
2301,30,16665
2301,31,17775
2301,32,17564
2301,33,18002
2301,34,19865
2301,35,19349
2301,36,17233
2301,37,18728
2301,38,17673
2301,39,15037
2301,40,14459
2301,41,14940
2301,42,13477
2301,43,14044
2301,44,12055
2301,45,14034
2302,1,10102
2302,2,9633
2302,3,9453
2302,4,10290
2302,5,21949
2302,6,26037
2302,7,22465
2302,8,28523
2302,9,25153
2302,10,19953
2302,11,14297
2302,12,11424
2302,13,10800
2302,14,13927
2302,15,22417
2302,16,7939
2302,17,7478
2302,18,11930
2302,19,8176
2302,20,7608
2302,21,7853
2302,22,10868
2302,23,7497
2302,24,12703
2302,25,11034
2302,26,8981
2302,27,8099
2302,28,8032
2302,29,7627
2302,30,6734
2302,31,5783
2302,32,6257
2302,33,6247
2302,34,6241
2302,35,9927
2302,36,7610
2302,37,9970
2302,38,9837
2302,39,7040
2302,40,7537
2302,41,8438
2302,42,8486
2302,43,8820
2302,44,9259
2302,45,11174
2400,1,11720
2400,2,11845
2400,3,10613
2400,4,10038
2400,5,10357
2400,6,10387
2400,7,9185
2400,8,10664
2400,9,8881
2400,10,9288
2400,11,8841
2400,12,9705
2400,13,8507
2400,14,8746
2400,15,8420
2400,16,7821
2400,17,8183
2400,18,8968
2400,19,9638
2400,20,9658
2400,21,9303
2400,22,8999
2400,23,9337
2400,24,9673
2400,25,9023
2400,26,9218
2400,27,8844
2400,28,8377
2400,29,9176
2400,30,8669
2400,31,8440
2400,32,8191
2400,33,9433
2400,34,8851
2400,35,8971
2400,36,8722
2400,37,9867
2400,38,9895
2400,39,8722
2400,40,8455
2400,41,10939
2400,42,10968
2400,43,11495
2400,44,12057
2400,45,11369
2401,1,1044939
2401,2,1043897
2401,3,971973
2401,4,996077
2401,5,1152610
2401,6,954011
2401,7,1010328
2401,8,965475
2401,9,965771
2401,10,924659
2401,11,887809
2401,12,908093
2401,13,898566
2401,14,878355
2401,15,885702
2401,16,864589
2401,17,850193
2401,18,945113
2401,19,914939
2401,20,875870
2401,21,771308
2401,22,831752
2401,23,878896
2401,24,734399
2401,25,785438
2401,26,795239
2401,27,783080
2401,28,764191
2401,29,803198
2401,30,799063
2401,31,721179
2401,32,570094
2401,33,397976
2401,34,333749
2401,35,302140
2401,36,312264
2401,37,312938
2401,38,356541
2401,39,683425
2401,40,670267
2401,41,684736
2401,42,663389
2401,43,653944
2401,44,649428
2401,45,654120
2900,1,3717
2900,2,3952
2900,3,3169
2900,4,2990
2900,5,3234
2900,6,3275
2900,7,3172
2900,8,3856
2900,9,3506
2900,10,3367
2900,11,3186
2900,12,3389
2900,13,2974
2900,14,3291
2900,15,3622
2900,16,3421
2900,17,3091
2900,18,2899
2900,19,6287
2900,20,2718
2900,21,2722
2900,22,2712
2900,23,2184
2900,24,1433
2900,25,1796
2900,26,1522
2900,27,1694
2900,28,3652
2900,29,5331
2900,30,4552
2900,31,3932
2900,32,3508
2900,33,3451
2900,34,3603
2900,35,3224
2900,36,3206
2900,37,3213
2900,38,3263
2900,39,2902
2900,40,3211
2900,41,3631
2900,42,3740
2900,43,3552
2900,44,3787
2900,45,3442
2901,1,187
2901,2,322
2901,3,222
2901,4,254
2901,5,234
2901,6,238
2901,7,276
2901,8,354
2901,9,385
2901,10,252
2901,11,289
2901,12,293
2901,13,247
2901,14,220
2901,15,195
2901,16,239
2901,17,106
2901,18,94
2901,19,130
2901,20,99
2901,21,174
2901,22,138
2901,23,109
2901,24,119
2901,25,116
2901,26,130
2901,27,69
2902,1,16402
2902,2,16857
2902,3,18789
2902,4,20050
2902,5,16552
2902,6,19360
2902,7,24635
2902,8,14915
2902,9,14618
2902,10,14660
2902,11,17213
2902,12,22937
2902,13,14725
2902,14,16566
2902,15,21267
2902,16,16842
2902,17,13566
2902,18,13546
2902,19,12596
2902,20,15893
2902,21,11531
2902,22,11125
2902,23,14507
2902,24,12748
2902,25,23502
2902,26,13849
2902,27,12219
2902,28,14342
2902,29,14934
2902,30,14801
2902,31,14918
2902,32,11227
2902,33,12497
2902,34,12620
2902,35,12159
2902,36,13924
2902,37,15312
2902,38,15199
2902,39,14146
2902,40,10840
2902,41,7845
2902,42,7453
2902,43,10732
2902,44,8644
2902,45,8388
2903,1,1128
2903,2,1359
2903,3,1167
2903,4,1108
2903,5,1079
2903,6,1138
2903,7,1025
2903,8,1068
2903,9,1304
2903,10,1298
2903,11,1337
2903,12,1505
2903,13,1488
2903,14,1867
2903,15,1685
2903,16,1551
2903,17,1479
2903,18,1371
2903,19,1436
2903,20,1295
2903,21,1296
2903,22,1179
2903,23,1138
2903,24,1285
2903,25,1520
2903,26,1243
2903,27,1188
2903,28,1257
2903,29,1601
2903,30,1017
2903,31,1144
2903,32,983
2903,33,1098
2903,34,1037
2903,35,1088
2903,36,1190
2903,37,1039
2903,38,1125
2903,39,1650
2903,40,1971
2903,41,2202
2903,42,2509
2903,43,2703
2903,44,3400
2903,45,2917
2904,1,5221
2904,2,3547
2904,3,526
2904,4,5475
2904,5,4647
2904,6,4596
2904,7,5620
2904,8,7051
2904,9,6240
2904,10,4863
2904,11,4487
2904,12,5780
2904,13,6214
2904,14,6827
2904,15,4481
2904,16,4492
2904,17,3994
2904,18,5356
2904,19,5558
2904,20,5527
2904,21,1501
2904,22,1868
2904,23,3215
2904,24,6807
2904,25,7783
2904,26,7675
2904,27,5683
2904,28,2446
2904,29,2341
2904,30,7309
2904,31,13141
2904,32,14059
2904,33,15082
2904,34,13998
2904,35,8385
2904,36,5794
2904,37,12243
2904,38,12731
2904,39,9247
2904,40,9765
2904,41,9051
2904,42,863
2904,43,1210
2904,44,2721
2904,45,9048
2999,1,82052
2999,2,85670
2999,3,78456
2999,4,73791
2999,5,75508
2999,6,77325
2999,7,72601
2999,8,74163
2999,9,84425
2999,10,81278
2999,11,76660
2999,12,80109
2999,13,80907
2999,14,89522
2999,15,82469
2999,16,90060
2999,17,81153
2999,18,86163
2999,19,93954
2999,20,95651
2999,21,93272
2999,22,94312
2999,23,96344
2999,24,101080
2999,25,113396
2999,26,121384
2999,27,104694
2999,28,89417
2999,29,96980
2999,30,90419
2999,31,94277
2999,32,92685
2999,33,96710
2999,34,98663
2999,35,105192
2999,36,103531
2999,37,101456
2999,38,102964
2999,39,99049
2999,40,94114
2999,41,101368
2999,42,105419
2999,43,76281
2999,44,48628
2999,45,47117
3000,1,2036
3000,2,2048
3000,3,1994
3000,4,2130
3000,5,1984
3000,6,2193
3000,7,2177
3000,8,2399
3000,9,2259
3000,10,2183
3000,11,2364
3000,12,2324
3000,13,3059
3000,14,2246
3000,15,2109
3000,16,2207
3000,17,1533
3000,18,1856
3000,19,1796
3000,20,1969
3000,21,1948
3000,22,2832
3000,23,4385
3000,24,4475
3000,25,4093
3000,26,4225
3000,27,3722
3000,28,3362
3000,29,3405
3000,30,3240
3000,31,5796
3000,32,4143
3000,33,3097
3000,34,2145
3000,35,1514
3000,36,1369
3000,37,1669
3000,38,1619
3000,39,1638
3000,40,1477
3000,41,1886
3000,42,2198
3000,43,2586
3000,44,2835
3000,45,2736
3099,1,25202
3099,2,24734
3099,3,27066
3099,4,25985
3099,5,19664
3099,6,22115
3099,7,35686
3099,8,38967
3099,9,23989
3099,10,20512
3099,11,31270
3099,12,32582
3099,13,27449
3099,14,11390
3099,15,7945
3099,16,6262
3099,17,4985
3099,18,5959
3099,19,6660
3099,20,12447
3099,21,4369
3099,22,4881
3099,23,4705
3099,24,4584
3099,25,5103
3099,26,5613
3099,27,6184
3099,28,6089
3099,29,7346
3099,30,8237
3099,31,8907
3099,32,9680
3099,33,9461
3099,34,10863
3099,35,7764
3099,36,7222
3099,37,7300
3099,38,8387
3099,39,8799
3099,40,15543
3099,41,18508
3099,42,15532
3099,43,15118
3099,44,9580
3099,45,9464
3100,1,3008
3100,2,2590
3100,3,2672
3100,4,3123
3100,5,2882
3100,6,3169
3100,7,2986
3100,8,3442
3100,9,3615
3100,10,3418
3100,11,3571
3100,12,3592
3100,13,3530
3100,14,3206
3100,15,2715
3100,16,2397
3100,17,2170
3100,18,3128
3100,19,2926
3100,20,2658
3100,21,2258
3100,22,2264
3100,23,2447
3100,24,2805
3100,25,3203
3100,26,3190
3100,27,2902
3100,28,2797
3100,29,2907
3100,30,3031
3100,31,3305
3100,32,3182
3100,33,3807
3100,34,3332
3100,35,3041
3100,36,3131
3100,37,3192
3100,38,3326
3100,39,3103
3100,40,3036
3100,41,3384
3100,42,3142
3100,43,2758
3100,44,2758
3100,45,2299
3101,1,1432
3101,2,360
3101,3,282
3101,4,333
3101,5,313
3101,6,341
3101,7,364
3101,8,288
3101,9,290
3101,10,253
3101,11,246
3101,12,310
3101,13,237
3101,14,201
3101,15,222
3101,16,172
3101,17,149
3101,18,251
3101,19,429
3101,20,177
3101,21,145
3101,22,120
3101,23,140
3101,24,143
3101,25,129
3101,26,102
3101,27,143
3101,28,101
3101,29,123
3101,30,132
3101,31,141
3101,32,124
3101,33,137
3101,34,170
3101,35,111
3101,36,118
3101,37,91
3101,38,100
3101,39,85
3101,40,90
3101,41,136
3101,42,79
3101,43,89
3101,44,96
3101,45,104
3102,1,1031
3102,2,539
3102,3,353
3102,4,359
3102,5,380
3102,6,407
3102,7,435
3102,8,459
3102,9,615
3102,10,691
3102,11,1051
3102,12,1032
3102,13,1073
3102,14,753
3102,15,609
3102,16,762
3102,17,999
3102,18,1939
3102,19,502
3102,20,508
3102,21,517
3102,22,579
3102,23,652
3102,24,643
3102,25,636
3102,26,578
3102,27,673
3102,28,783
3102,29,811
3102,30,1103
3102,31,1187
3102,32,4869
3102,33,2796
3102,34,1146
3102,35,718
3102,36,611
3102,37,494
3102,38,427
3102,39,391
3102,40,427
3102,41,467
3102,42,337
3102,43,373
3102,44,631
3102,45,541
3103,1,6
3103,4,1
3103,6,6
3103,8,1
3103,9,3
3103,10,1
3103,11,5
3103,12,1
3103,18,1
3103,21,3
3103,24,3
3103,27,2
3103,29,2
3103,30,1
3103,34,6
3103,41,4
3103,42,1
3104,1,7673
3104,2,6991
3104,3,7071
3104,4,7257
3104,5,7132
3104,6,8438
3104,7,8575
3104,8,8446
3104,9,7750
3104,10,7190
3104,11,6435
3104,12,6667
3104,13,5986
3104,14,6126
3104,15,5772
3104,16,6612
3104,17,5929
3104,18,7001
3104,19,6441
3104,20,5788
3104,21,5659
3104,22,5586
3104,23,5829
3104,24,5813
3104,25,5867
3104,26,5552
3104,27,5681
3104,28,4921
3104,29,6393
3104,30,5229
3104,31,4755
3104,32,4899
3104,33,5882
3104,34,4979
3104,35,4057
3104,36,4196
3104,37,4338
3104,38,4580
3104,39,4038
3104,40,3590
3104,41,3521
3104,42,3675
3104,43,4044
3104,44,4068
3104,45,4266
3105,1,51
3105,2,27
3105,3,30
3105,4,22
3105,5,33
3105,6,58
3105,7,21
3105,8,33
3105,9,29
3105,10,33
3105,11,40
3105,12,23
3105,13,22
3105,14,17
3105,15,13
3105,16,19
3105,17,21
3105,18,17
3105,19,5
3105,20,10
3105,21,29
3105,22,13
3105,23,8
3105,24,26
3105,25,12
3105,26,11
3105,27,11
3105,28,8
3105,29,14
3105,30,8
3105,31,8
3105,32,7
3105,33,5
3105,34,25
3105,35,6
3105,36,6
3105,37,4
3105,38,8
3105,39,5
3105,40,5
3105,41,23
3105,42,3
3105,43,13
3105,44,4
3105,45,8
3107,1,215
3107,2,171
3107,3,141
3107,4,125
3107,5,95
3107,6,122
3107,7,119
3107,8,94
3107,9,82
3107,10,110
3107,11,117
3107,12,131
3107,13,191
3107,14,205
3107,15,205
3107,16,226
3107,17,357
3107,18,307
3107,19,215
3107,20,206
3107,21,197
3107,22,182
3107,23,183
3107,24,188
3107,25,173
3107,26,128
3107,27,140
3107,28,109
3107,29,131
3107,30,114
3107,31,127
3107,32,127
3107,33,185
3107,34,191
3107,35,122
3107,36,111
3107,37,107
3107,38,106
3107,39,208
3107,40,190
3107,41,145
3107,42,138
3107,43,121
3107,44,122
3107,45,132
3108,1,224
3108,2,94
3108,3,101
3108,4,66
3108,5,88
3108,6,200
3108,7,97
3108,8,119
3108,9,101
3108,10,69
3108,11,149
3108,12,91
3108,13,59
3108,14,73
3108,15,63
3108,16,61
3108,17,40
3108,18,79
3108,19,51
3108,20,61
3108,21,109
3108,22,48
3108,23,49
3108,24,102
3108,25,59
3108,26,31
3108,27,40
3108,28,47
3108,29,68
3108,30,29
3108,31,48
3108,32,37
3108,33,58
3108,34,145
3108,35,41
3108,36,30
3108,37,54
3108,38,47
3108,39,41
3108,40,31
3108,41,96
3108,42,41
3108,43,29
3108,44,30
3108,45,31
3109,1,2834
3109,2,1759
3109,3,1407
3109,4,1471
3109,5,1325
3109,6,1530
3109,7,1034
3109,8,1007
3109,9,1038
3109,10,955
3109,11,1095
3109,12,1049
3109,13,973
3109,14,920
3109,15,927
3109,16,1047
3109,17,953
3109,18,1166
3109,19,990
3109,20,1184
3109,21,1178
3109,22,969
3109,23,914
3109,24,1180
3109,25,940
3109,26,926
3109,27,1039
3109,28,964
3109,29,1200
3109,30,899
3109,31,949
3109,32,1004
3109,33,990
3109,34,1352
3109,35,813
3109,36,819
3109,37,810
3109,38,809
3109,39,764
3109,40,784
3109,41,993
3109,42,714
3109,43,748
3109,44,687
3109,45,636
3110,1,3825
3110,2,3292
3110,3,2854
3110,4,2721
3110,5,2645
3110,6,2515
3110,7,2051
3110,8,1825
3110,9,1792
3110,10,1902
3110,11,1738
3110,12,2217
3110,13,2247
3110,14,2585
3110,15,1590
3110,16,1564
3110,17,1398
3110,18,3082
3110,19,7186
3110,20,2155
3110,21,1878
3110,22,1685
3110,23,1664
3110,24,1595
3110,25,1533
3110,26,1509
3110,27,1482
3110,28,1245
3110,29,1632
3110,30,2188
3110,31,2372
3110,32,1445
3110,33,1433
3110,34,1287
3110,35,1131
3110,36,1018
3110,37,1011
3110,38,1037
3110,39,1014
3110,40,961
3110,41,1034
3110,42,901
3110,43,844
3110,44,1722
3110,45,44064
3111,1,18
3111,6,18
3111,11,12
3111,18,3
3111,21,9
3111,24,9
3111,29,7
3111,34,19
3111,41,14
3199,1,90
3199,2,62
3199,3,76
3199,4,62
3199,5,48
3199,6,79
3199,7,30
3199,8,24
3199,9,32
3199,10,40
3199,11,959
3199,12,5648
3199,13,2425
3199,14,1966
3199,15,2180
3199,16,2015
3199,17,80
3199,18,3056
3199,19,1097
3199,20,115
3199,21,103
3199,22,112
3199,23,201
3199,24,489
3199,25,132
3199,26,78
3199,27,82
3199,28,86
3199,29,122
3199,30,98
3199,31,120
3199,32,68
3199,33,145
3199,34,146
3199,35,81
3199,36,78
3199,37,133
3199,38,67
3199,39,69
3199,40,48
3199,41,136
3199,42,110
3199,43,136
3199,44,100
3199,45,61
3200,1,59127
3200,2,54022
3200,3,48411
3200,4,64268
3200,5,59058
3200,6,57831
3200,7,61040
3200,8,67136
3200,9,53797
3200,10,50919
3200,11,50583
3200,12,51693
3200,13,41286
3200,14,47486
3200,15,44502
3200,16,43854
3200,17,39786
3200,18,47014
3200,19,43585
3200,20,43939
3200,21,35478
3200,22,39265
3200,23,38086
3200,24,34985
3200,25,35064
3200,26,35642
3200,27,34187
3200,28,34771
3200,29,39555
3200,30,41162
3200,31,39250
3200,32,41227
3200,33,43218
3200,34,38564
3200,35,36909
3200,36,37951
3200,37,36562
3200,38,36113
3200,39,26108
3200,40,28157
3200,41,30391
3200,42,30348
3200,43,28863
3200,44,33418
3200,45,33190
3201,1,16752
3201,2,14631
3201,3,10122
3201,4,10192
3201,5,10081
3201,6,10013
3201,7,8795
3201,8,9030
3201,9,8086
3201,10,7181
3201,11,7087
3201,12,5694
3201,13,5374
3201,14,8404
3201,15,7300
3201,16,7571
3201,17,6874
3201,18,6512
3201,19,5544
3201,20,5709
3201,21,4587
3201,22,4875
3201,23,5328
3201,24,5459
3201,25,5666
3201,26,5435
3201,27,4908
3201,28,10888
3201,29,8254
3201,30,8884
3201,31,7198
3201,32,7019
3201,33,6734
3201,34,6061
3201,35,5528
3201,36,5595
3201,37,5508
3201,38,5441
3201,39,3899
3201,40,3429
3201,41,3359
3201,42,3417
3201,43,3398
3201,44,3241
3201,45,3235
3202,1,1905
3202,2,1738
3202,3,1557
3202,4,1539
3202,5,1617
3202,6,1480
3202,7,1537
3202,8,1545
3202,9,3335
3202,10,4102
3202,11,3095
3202,12,3532
3202,13,2826
3202,14,1569
3202,15,1411
3202,16,1392
3202,17,1431
3202,18,1875
3202,19,1580
3202,20,1376
3202,21,1390
3202,22,1287
3202,23,1276
3202,24,1257
3202,25,1279
3202,26,1328
3202,27,1218
3202,28,1147
3202,29,1385
3202,30,1418
3202,31,1306
3202,32,1508
3202,33,1685
3202,34,1446
3202,35,1423
3202,36,1641
3202,37,1605
3202,38,1510
3202,39,1420
3202,40,1326
3202,41,1437
3202,42,1680
3202,43,1609
3202,44,1724
3202,45,1718
3203,1,967
3203,2,703
3203,3,586
3203,4,597
3203,5,650
3203,6,487
3203,7,454
3203,8,434
3203,9,15739
3203,10,22990
3203,11,39795
3203,12,23033
3203,13,25567
3203,14,17092
3203,15,15602
3203,16,458
3203,17,614
3203,18,594
3203,19,622
3203,20,954
3203,21,1105
3203,22,785
3203,23,848
3203,24,749
3203,25,651
3203,26,246
3203,27,252
3203,28,216
3203,29,250
3203,30,278
3203,31,285
3203,32,244
3203,33,321
3203,34,334
3203,35,322
3203,36,268
3203,37,282
3203,38,229
3203,39,219
3203,40,265
3203,41,310
3203,42,278
3203,43,268
3203,44,268
3203,45,224
3299,1,97673
3299,2,89098
3299,3,85164
3299,4,111322
3299,5,103420
3299,6,99685
3299,7,105766
3299,8,113857
3299,9,103235
3299,10,96345
3299,11,96563
3299,12,105064
3299,13,96163
3299,14,97660
3299,15,81921
3299,16,79663
3299,17,68706
3299,18,85092
3299,19,82714
3299,20,76774
3299,21,49122
3299,22,56963
3299,23,67019
3299,24,82755
3299,25,84620
3299,26,84497
3299,27,54801
3299,28,46472
3299,29,48027
3299,30,61080
3299,31,72549
3299,32,77428
3299,33,84524
3299,34,82168
3299,35,65374
3299,36,56334
3299,37,70368
3299,38,71966
3299,39,58674
3299,40,59798
3299,41,60982
3299,42,45687
3299,43,44699
3299,44,47117
3299,45,57257
4000,1,7010
4000,2,7437
4000,3,7099
4000,4,7572
4000,5,8607
4000,6,8085
4000,7,7837
4000,8,7783
4000,9,7670
4000,10,8580
4000,11,8552
4000,12,9649
4000,13,10802
4000,14,8584
4000,15,7376
4000,16,6837
4000,17,6449
4000,18,5154
4000,19,4872
4000,20,4341
4000,21,4417
4000,22,4640
4000,23,4135
4000,24,4223
4000,25,4347
4000,26,4700
4000,27,4128
4000,28,3959
4000,29,4274
4000,30,4138
4000,31,4555
4000,32,4116
4000,33,4780
4000,34,4799
4000,35,5158
4000,36,4900
4000,37,4916
4000,38,5366
4000,39,5617
4000,40,5317
4000,41,5152
4000,42,5235
4000,43,5457
4000,44,7471
4000,45,7152
4001,1,651
4001,2,650
4001,3,721
4001,4,564
4001,5,600
4001,6,686
4001,7,731
4001,8,706
4001,9,710
4001,10,728
4001,11,624
4001,12,590
4001,13,661
4001,14,1086
4001,15,1050
4001,16,1005
4001,17,931
4001,18,271
4001,19,286
4001,20,253
4001,21,278
4001,22,244
4001,23,258
4001,24,326
4001,25,261
4001,26,297
4001,27,280
4001,28,262
4001,29,235
4001,30,252
4001,31,211
4001,32,439
4001,33,449
4001,34,644
4001,35,234
4001,36,280
4001,37,218
4001,38,165
4001,39,170
4001,40,168
4001,41,209
4001,42,198
4001,43,159
4001,44,141
4001,45,125
4099,1,100677
4099,2,93728
4099,3,106014
4099,4,119963
4099,5,118295
4099,6,130098
4099,7,148770
4099,8,126646
4099,9,120571
4099,10,108605
4099,11,106593
4099,12,144541
4099,13,110271
4099,14,110325
4099,15,105169
4099,16,95353
4099,17,96232
4099,18,108836
4099,19,94739
4099,20,99366
4099,21,94551
4099,22,95603
4099,23,103580
4099,24,99704
4099,25,107010
4099,26,101445
4099,27,90812
4099,28,95558
4099,29,112788
4099,30,123088
4099,31,117625
4099,32,111550
4099,33,121195
4099,34,105821
4099,35,113515
4099,36,117081
4099,37,194440
4099,38,152939
4099,39,100872
4099,40,94938
4099,41,100970
4099,42,112981
4099,43,147767
4099,44,109737
4099,45,101479
4100,1,875
4100,2,1105
4100,3,1002
4100,4,883
4100,5,894
4100,6,1029
4100,7,838
4100,8,890
4100,9,677
4100,10,662
4100,11,729
4100,12,610
4100,13,498
4100,14,602
4100,15,513
4100,16,469
4100,17,406
4100,18,514
4100,19,580
4100,20,599
4100,21,570
4100,22,588
4100,23,605
4100,24,631
4100,25,621
4100,26,542
4100,27,563
4100,28,574
4100,29,873
4100,30,626
4100,31,562
4100,32,500
4100,33,587
4100,34,614
4100,35,446
4100,36,512
4100,37,569
4100,38,526
4100,39,521
4100,40,508
4100,41,543
4100,42,511
4100,43,511
4100,44,475
4100,45,486
4101,1,28870
4101,2,28122
4101,3,34145
4101,4,33768
4101,5,40207
4101,6,33852
4101,7,31515
4101,8,48182
4101,9,37098
4101,10,33366
4101,11,26218
4101,12,25395
4101,13,28059
4101,14,26352
4101,15,25415
4101,16,23416
4101,17,20059
4101,18,16542
4101,19,21310
4101,20,21492
4101,21,25273
4101,22,25071
4101,23,30798
4101,24,23823
4101,25,23563
4101,26,19031
4101,27,17721
4101,28,17674
4101,29,18613
4101,30,17184
4101,31,17605
4101,32,17442
4101,33,16662
4101,34,19528
4101,35,21717
4101,36,23074
4101,37,19608
4101,38,18107
4101,39,19405
4101,40,20283
4101,41,60238
4101,42,59159
4101,43,32372
4101,44,22299
4101,45,25376
4199,1,11543
4199,2,10535
4199,3,8257
4199,4,8324
4199,5,9001
4199,6,9023
4199,7,8721
4199,8,8845
4199,9,8336
4199,10,13954
4199,11,16046
4199,12,16762
4199,13,14603
4199,14,14905
4199,15,14997
4199,16,15447
4199,17,14834
4199,18,9976
4199,19,16430
4199,20,16171
4199,21,14478
4199,22,14729
4199,23,15548
4199,24,15840
4199,25,15757
4199,26,14320
4199,27,14743
4199,28,14814
4199,29,13319
4199,30,13773
4199,31,13860
4199,32,11770
4199,33,11631
4199,34,14073
4199,35,15579
4199,36,17791
4199,37,20127
4199,38,15538
4199,39,14587
4199,40,14180
4199,41,13465
4199,42,14604
4199,43,15357
4199,44,15372
4199,45,13560
4200,1,22166
4200,2,18650
4200,3,16490
4200,4,15978
4200,5,17119
4200,6,17425
4200,7,17616
4200,8,16179
4200,9,21198
4200,10,16990
4200,11,15632
4200,12,16985
4200,13,13411
4200,14,13844
4200,15,16002
4200,16,12485
4200,17,12943
4200,18,16080
4200,19,45065
4200,20,18494
4200,21,17847
4200,22,12759
4200,23,12652
4200,24,11920
4200,25,11950
4200,26,11816
4200,27,14289
4200,28,12327
4200,29,13411
4200,30,11537
4200,31,13306
4200,32,12380
4200,33,14405
4200,34,12591
4200,35,14020
4200,36,12208
4200,37,11141
4200,38,12262
4200,39,11371
4200,40,11168
4200,41,15188
4200,42,10205
4200,43,15615
4200,44,33275
4200,45,16901
4300,1,36209
4300,2,45559
4300,3,51191
4300,4,45833
4300,5,57798
4300,6,63136
4300,7,68242
4300,8,60095
4300,9,59469
4300,10,63384
4300,11,53440
4300,12,52364
4300,13,50888
4300,14,56904
4300,15,55359
4300,16,52060
4300,17,44419
4300,18,43965
4300,19,66147
4300,20,69884
4300,21,49201
4300,22,87066
4300,23,58219
4300,24,57744
4300,25,53174
4300,26,50600
4300,27,46121
4300,28,43023
4300,29,42989
4300,30,48210
4300,31,43197
4300,32,40163
4300,33,47122
4300,34,51764
4300,35,56769
4300,36,60916
4300,37,55844
4300,38,55596
4300,39,55767
4300,40,61515
4300,41,55971
4300,42,56408
4300,43,53333
4300,44,53588
4300,45,58322
4301,1,5984
4301,2,7255
4301,3,7095
4301,4,7287
4301,5,7824
4301,6,6943
4301,7,6048
4301,8,6494
4301,9,6036
4301,10,6956
4301,11,5798
4301,12,6058
4301,13,5577
4301,14,5625
4301,15,7057
4301,16,13103
4301,17,14651
4301,18,5037
4301,19,7112
4301,20,6532
4301,21,19984
4301,22,9855
4301,23,4976
4301,24,4822
4301,25,4585
4301,26,4718
4301,27,4676
4301,28,4776
4301,29,4985
4301,30,4728
4301,31,4250
4301,32,4093
4301,33,3966
4301,34,4498
4301,35,4801
4301,36,4151
4301,37,4034
4301,38,4596
4301,39,4165
4301,40,3835
4301,41,3738
4301,42,3321
4301,43,3535
4301,44,3297
4301,45,3810
4302,1,23477
4302,2,30659
4302,3,31509
4302,4,31559
4302,5,51315
4302,6,57769
4302,7,44815
4302,8,45705
4302,9,49813
4302,10,48908
4302,11,43199
4302,12,35633
4302,13,32641
4302,14,34526
4302,15,32731
4302,16,30911
4302,17,27229
4302,18,20882
4302,19,45440
4302,20,45498
4302,21,35763
4302,22,34834
4302,23,32544
4302,24,31836
4302,25,30470
4302,26,30296
4302,27,28618
4302,28,27302
4302,29,26852
4302,30,27394
4302,31,27113
4302,32,23891
4302,33,25093
4302,34,26890
4302,35,28702
4302,36,31373
4302,37,29346
4302,38,27838
4302,39,27703
4302,40,28649
4302,41,27406
4302,42,26801
4302,43,25894
4302,44,24666
4302,45,26317
4399,1,1192
4399,2,1208
4399,3,1088
4399,4,1043
4399,5,1071
4399,6,1258
4399,7,1197
4399,8,1307
4399,9,1425
4399,10,963
4399,11,712
4399,12,642
4399,13,644
4399,14,1522
4399,15,2103
4399,16,1586
4399,17,690
4399,18,642
4399,19,960
4399,20,964
4399,21,1069
4399,22,1042
4399,23,1982
4399,24,2102
4399,25,2209
4399,26,2425
4399,27,1831
4399,28,1562
4399,29,1692
4399,30,12520
4399,31,1646
4399,32,1504
4399,33,6582
4399,34,1843
4399,35,1610
4399,36,1817
4399,37,1863
4399,38,1703
4399,39,1749
4399,40,1740
4399,41,1940
4399,42,1793
4399,43,1665
4399,44,1430
4399,45,1362
4400,1,21742
4400,2,25059
4400,3,26290
4400,4,27425
4400,5,27905
4400,6,25367
4400,7,25628
4400,8,27253
4400,9,37680
4400,10,25200
4400,11,25542
4400,12,32104
4400,13,27197
4400,14,28453
4400,15,32952
4400,16,36892
4400,17,32749
4400,18,33923
4400,19,34901
4400,20,36413
4400,21,37498
4400,22,39960
4400,23,34804
4400,24,33449
4400,25,34480
4400,26,76177
4400,27,35266
4400,28,33942
4400,29,32863
4400,30,34511
4400,31,33200
4400,32,28588
4400,33,28725
4400,34,30082
4400,35,28561
4400,36,26742
4400,37,24656
4400,38,24038
4400,39,24002
4400,40,22387
4400,41,23515
4400,42,21433
4400,43,33041
4400,44,19356
4400,45,23703
4401,1,6440
4401,2,5902
4401,3,5547
4401,4,3092
4401,5,4495
4401,6,5749
4401,7,5322
4401,8,2398
4401,9,7020
4401,10,6090
4401,11,5612
4401,12,3474
4401,13,3622
4401,14,6262
4401,15,6796
4401,16,5575
4401,17,5792
4401,18,9020
4401,19,7488
4401,20,8150
4401,21,6321
4401,22,7117
4401,23,6652
4401,24,7562
4401,25,5877
4401,26,6107
4401,27,5378
4401,28,4639
4401,29,4256
4401,30,6789
4401,31,6580
4401,32,5483
4401,33,4890
4401,34,4531
4401,35,4570
4401,36,5634
4401,37,5682
4401,38,5279
4401,39,5183
4401,40,5954
4401,41,5547
4401,42,7320
4401,43,7741
4401,44,8135
4401,45,8678
4500,1,13768
4500,2,9950
4500,3,8211
4500,4,14389
4500,5,13156
4500,6,12165
4500,7,13294
4500,8,15289
4500,9,18230
4500,10,13701
4500,11,13157
4500,12,15618
4500,13,21229
4500,14,15120
4500,15,15223
4500,16,18585
4500,17,19209
4500,18,26452
4500,19,25711
4500,20,22321
4500,21,11467
4500,22,16330
4500,23,21167
4500,24,24874
4500,25,33594
4500,26,40255
4500,27,38404
4500,28,41521
4500,29,45056
4500,30,52198
4500,31,53204
4500,32,55664
4500,33,60383
4500,34,52775
4500,35,47419
4500,36,47880
4500,37,45468
4500,38,37579
4500,39,37946
4500,40,45747
4500,41,45170
4500,42,49101
4500,43,49958
4500,44,52782
4500,45,51143
4900,1,3799
4900,2,4900
4900,3,5679
4900,4,5426
4900,5,5132
4900,6,6068
4900,7,5016
4900,8,4534
4900,9,4804
4900,10,4608
4900,11,9624
4900,12,4143
4900,13,3935
4900,14,4512
4900,15,4827
4900,16,4135
4900,17,4216
4900,18,3738
4900,19,4938
4900,20,4220
4900,21,3750
4900,22,3837
4900,23,6999
4900,24,6851
4900,25,7628
4900,26,9789
4900,27,7837
4900,28,6978
4900,29,5953
4900,30,7124
4900,31,10052
4900,32,10130
4900,33,10500
4900,34,11414
4900,35,13179
4900,36,11215
4900,37,10058
4900,38,10785
4900,39,9633
4900,40,8859
4900,41,8968
4900,42,8302
4900,43,7674
4900,44,8660
4900,45,7475
4901,1,141
4901,2,291
4901,3,178
4901,4,141
4901,5,159
4901,6,228
4901,7,155
4901,8,148
4901,9,121
4901,10,135
4901,11,170
4901,12,128
4901,13,133
4901,14,126
4901,15,106
4901,16,126
4901,17,116
4901,18,104
4901,19,147
4901,20,168
4901,21,145
4901,22,223
4901,23,280
4901,24,276
4901,25,270
4901,26,280
4901,27,266
4901,28,221
4901,29,260
4901,30,246
4901,31,220
4901,32,198
4901,33,248
4901,34,281
4901,35,248
4901,36,221
4901,37,202
4901,38,227
4901,39,206
4901,40,174
4901,41,291
4901,42,421
4901,43,364
4901,44,402
4901,45,314
4999,1,142124
4999,2,146392
4999,3,132948
4999,4,141599
4999,5,139810
4999,6,138911
4999,7,135828
4999,8,147621
4999,9,155483
4999,10,157613
4999,11,166893
4999,12,182519
4999,13,174019
4999,14,168047
4999,15,141603
4999,16,138000
4999,17,137716
4999,18,152182
4999,19,146751
4999,20,135852
4999,21,122907
4999,22,124544
4999,23,123942
4999,24,127146
4999,25,126407
4999,26,128100
4999,27,114774
4999,28,118384
4999,29,120989
4999,30,121490
4999,31,128552
4999,32,134072
4999,33,147310
4999,34,141625
4999,35,162383
4999,36,143666
4999,37,160795
4999,38,160988
4999,39,153272
4999,40,138840
4999,41,143118
4999,42,132124
4999,43,137321
4999,44,137089
4999,45,146196
9000,1,109
9000,2,94
9000,3,103
9000,4,136
9000,5,142
9000,6,167
9000,7,97
9000,8,104
9000,9,97
9000,10,122
9000,11,95
9000,12,110
9000,13,70
9000,14,59
9000,15,73
9000,16,106
9000,17,101
9000,18,65
9000,19,102
9000,20,107
9000,21,77
9000,22,85
9000,23,84
9000,24,94
9000,25,58
9000,26,57
9000,27,50
9000,28,50
9000,29,40
9000,30,260
9000,31,271
9000,32,102
9000,33,59
9000,34,58
9000,35,52
9000,36,53
9000,37,53
9000,38,39
9000,39,48
9000,40,46
9000,41,51
9000,42,58
9000,43,38
9000,44,42
9000,45,44
9001,1,10257
9001,2,10897
9001,3,10285
9001,4,10708
9001,5,10889
9001,6,10682
9001,7,10049
9001,8,11048
9001,9,11412
9001,10,10727
9001,11,10735
9001,12,11382
9001,13,10467
9001,14,11273
9001,15,10371
9001,16,11220
9001,17,10486
9001,18,11067
9001,19,12608
9001,20,11806
9001,21,11314
9001,22,11386
9001,23,9335
9001,24,7191
9001,25,7633
9001,26,7770
9001,27,7635
9001,28,7069
9001,29,7318
9001,30,14712
9001,31,11580
9001,32,9191
9001,33,7955
9001,34,8012
9001,35,7539
9001,36,6772
9001,37,7677
9001,38,8390
9001,39,8402
9001,40,9458
9001,41,9455
9001,42,8639
9001,43,12663
9001,44,8552
9001,45,10711
9100,1,3246
9100,2,5240
9100,3,4813
9100,4,6898
9100,5,4442
9100,6,3644
9100,7,3471
9100,8,2737
9100,9,2542
9100,10,2395
9100,11,2687
9100,12,2689
9100,13,2305
9100,14,2274
9100,15,2023
9100,16,2017
9100,17,2118
9100,18,1984
9100,19,6984
9100,20,11925
9100,21,12239
9100,22,10606
9100,23,10860
9100,24,7024
9100,25,2949
9100,26,2251
9100,27,1899
9100,28,1792
9100,29,1823
9100,30,26004
9100,31,1877
9100,32,1703
9100,33,1975
9100,34,2388
9100,35,2385
9100,36,2255
9100,37,2259
9100,38,2068
9100,39,2095
9100,40,2063
9100,41,2105
9100,42,2029
9100,43,2073
9100,44,2443
9100,45,2124
9200,1,2287
9200,2,2888
9200,3,2841
9200,4,3369
9200,5,3196
9200,6,3572
9200,7,2957
9200,8,3647
9200,9,3352
9200,10,2813
9200,11,2650
9200,12,2774
9200,13,2009
9200,14,3107
9200,15,2956
9200,16,5208
9200,17,2477
9200,18,3852
9200,19,4652
9200,20,4367
9200,21,3104
9200,22,3380
9200,23,3874
9200,24,8040
9200,25,5055
9200,26,4597
9200,27,4110
9200,28,6093
9200,29,6629
9200,30,6645
9200,31,6581
9200,32,5853
9200,33,6967
9200,34,7429
9200,35,6419
9200,36,6940
9200,37,7092
9200,38,7365
9200,39,6213
9200,40,6216
9200,41,6460
9200,42,7078
9200,43,6995
9200,44,7163
9200,45,6330
9999,1,22733
9999,2,22966
9999,3,24776
9999,4,24410
9999,5,24442
9999,6,24901
9999,7,26521
9999,8,28309
9999,9,29748
9999,10,27026
9999,11,24955
9999,12,25050
9999,13,26961
9999,14,27275
9999,15,25358
9999,16,25918
9999,17,24113
9999,18,23555
9999,19,21995
9999,20,22024
9999,21,25598
9999,22,25815
9999,23,26022
9999,24,25109
9999,25,25057
9999,26,25294
9999,27,25340
9999,28,24555
9999,29,22218
9999,30,20396
9999,31,21935
9999,32,19838
9999,33,21585
9999,34,21701
9999,35,21518
9999,36,23013
9999,37,24231
9999,38,23310
9999,39,22695
9999,40,20639
9999,41,21869
9999,42,20706
9999,43,16347
9999,44,11284
9999,45,11003
