category_low_id,week_num,region,cv_uu
1000,1,Niigata,100
1000,1,Tokyo,1144
1000,2,Niigata,105
1000,2,Tokyo,1124
1000,3,Niigata,105
1000,3,Tokyo,1032
1000,4,Niigata,91
1000,4,Tokyo,1029
1000,5,Niigata,134
1000,5,Tokyo,1023
1000,6,Niigata,181
1000,6,Tokyo,1064
1000,7,Niigata,173
1000,7,Tokyo,829
1000,8,Niigata,146
1000,8,Tokyo,792
1000,9,Niigata,159
1000,9,Tokyo,796
1000,10,Niigata,169
1000,10,Tokyo,775
1000,11,Niigata,153
1000,11,Tokyo,696
1000,12,Niigata,125
1000,12,Tokyo,721
1000,13,Niigata,133
1000,13,Tokyo,710
1000,14,Niigata,151
1000,14,Tokyo,811
1000,15,Niigata,138
1000,15,Tokyo,771
1000,16,Niigata,134
1000,16,Tokyo,724
1000,17,Niigata,136
1000,17,Tokyo,755
1000,18,Niigata,146
1000,18,Tokyo,775
1000,19,Niigata,206
1000,19,Tokyo,822
1000,20,Niigata,201
1000,20,Tokyo,802
1000,21,Niigata,156
1000,21,Tokyo,706
1000,22,Niigata,140
1000,22,Tokyo,740
1000,23,Niigata,120
1000,23,Tokyo,757
1000,24,Niigata,124
1000,24,Tokyo,718
1000,25,Niigata,117
1000,25,Tokyo,627
1000,26,Niigata,103
1000,26,Tokyo,611
1000,27,Niigata,124
1000,27,Tokyo,572
1000,28,Niigata,103
1000,28,Tokyo,556
1000,29,Niigata,94
1000,29,Tokyo,537
1000,30,Niigata,84
1000,30,Tokyo,573
1000,31,Niigata,108
1000,31,Tokyo,564
1000,32,Niigata,114
1000,32,Tokyo,519
1000,33,Niigata,130
1000,33,Tokyo,639
1000,34,Niigata,117
1000,34,Tokyo,609
1000,35,Niigata,140
1000,35,Tokyo,629
1000,36,Niigata,113
1000,36,Tokyo,656
1000,37,Niigata,110
1000,37,Tokyo,667
1000,38,Niigata,185
1000,38,Tokyo,750
1000,39,Niigata,120
1000,39,Tokyo,629
1000,40,Niigata,134
1000,40,Tokyo,699
1000,41,Niigata,111
1000,41,Tokyo,676
1000,42,Niigata,112
1000,42,Tokyo,641
1000,43,Niigata,90
1000,43,Tokyo,611
1000,44,Niigata,72
1000,44,Tokyo,537
1000,45,Niigata,86
1000,45,Tokyo,629
1000,46,Niigata,64
1000,46,Tokyo,517
1001,1,Niigata,30
1001,1,Tokyo,2498
1001,2,Niigata,26
1001,2,Tokyo,2325
1001,3,Niigata,19
1001,3,Tokyo,2140
1001,4,Niigata,29
1001,4,Tokyo,2006
1001,5,Niigata,20
1001,5,Tokyo,1884
1001,6,Niigata,29
1001,6,Tokyo,1858
1001,7,Niigata,18
1001,7,Tokyo,1816
1001,8,Niigata,12
1001,8,Tokyo,1861
1001,9,Niigata,19
1001,9,Tokyo,1736
1001,10,Niigata,23
1001,10,Tokyo,1802
1001,11,Niigata,15
1001,11,Tokyo,1797
1001,12,Niigata,21
1001,12,Tokyo,1888
1001,13,Niigata,17
1001,13,Tokyo,1772
1001,14,Niigata,17
1001,14,Tokyo,1588
1001,15,Niigata,8
1001,15,Tokyo,1340
1001,16,Niigata,9
1001,16,Tokyo,1388
1001,17,Niigata,14
1001,17,Tokyo,1200
1001,18,Niigata,9
1001,18,Tokyo,1332
1001,19,Niigata,9
1001,19,Tokyo,1427
1001,20,Niigata,10
1001,20,Tokyo,1569
1001,21,Niigata,11
1001,21,Tokyo,1533
1001,22,Niigata,12
1001,22,Tokyo,1520
1001,23,Niigata,11
1001,23,Tokyo,1640
1001,24,Niigata,17
1001,24,Tokyo,1703
1001,25,Niigata,6
1001,25,Tokyo,1788
1001,26,Niigata,15
1001,26,Tokyo,1834
1001,27,Niigata,21
1001,27,Tokyo,1554
1001,28,Niigata,7
1001,28,Tokyo,1411
1001,29,Niigata,9
1001,29,Tokyo,1550
1001,30,Niigata,12
1001,30,Tokyo,1596
1001,31,Niigata,11
1001,31,Tokyo,1535
1001,32,Niigata,10
1001,32,Tokyo,1282
1001,33,Niigata,19
1001,33,Tokyo,1906
1001,34,Niigata,7
1001,34,Tokyo,1545
1001,35,Niigata,12
1001,35,Tokyo,1695
1001,36,Niigata,10
1001,36,Tokyo,1581
1001,37,Niigata,10
1001,37,Tokyo,1542
1001,38,Niigata,12
1001,38,Tokyo,1605
1001,39,Niigata,5
1001,39,Tokyo,1451
1001,40,Niigata,14
1001,40,Tokyo,1353
1001,41,Niigata,18
1001,41,Tokyo,1446
1001,42,Niigata,16
1001,42,Tokyo,1442
1001,43,Niigata,13
1001,43,Tokyo,1461
1001,44,Niigata,9
1001,44,Tokyo,1382
1001,45,Niigata,8
1001,45,Tokyo,1620
1001,46,Niigata,14
1001,46,Tokyo,1407
1002,1,Niigata,1
1002,3,Niigata,2
1002,5,Niigata,1
1002,7,Niigata,2
1002,8,Niigata,3
1002,9,Niigata,1
1002,10,Niigata,1
1002,11,Niigata,2
1002,12,Niigata,1
1002,14,Niigata,1
1002,15,Niigata,1
1002,16,Niigata,1
1002,17,Niigata,2
1002,17,Tokyo,2
1002,18,Niigata,1
1002,18,Tokyo,1
1002,19,Niigata,3
1002,20,Tokyo,1
1002,21,Niigata,1
1002,21,Tokyo,1
1002,22,Niigata,1
1002,22,Tokyo,1
1002,23,Niigata,2
1002,23,Tokyo,2
1002,24,Niigata,1
1002,25,Tokyo,1
1002,27,Tokyo,2
1002,28,Tokyo,2
1002,29,Tokyo,4
1002,30,Niigata,1
1002,30,Tokyo,4
1002,31,Tokyo,3
1002,32,Niigata,1
1002,32,Tokyo,1
1002,33,Tokyo,1
1002,35,Niigata,2
1002,36,Niigata,1
1002,36,Tokyo,3
1002,37,Tokyo,4
1002,38,Niigata,1
1002,38,Tokyo,2
1002,39,Tokyo,1
1002,41,Tokyo,2
1002,42,Tokyo,2
1002,43,Niigata,1
1002,43,Tokyo,4
1002,44,Tokyo,3
1002,45,Niigata,1
1002,45,Tokyo,3
1002,46,Niigata,2
1003,1,Niigata,318
1003,1,Tokyo,15
1003,2,Niigata,255
1003,2,Tokyo,12
1003,3,Niigata,243
1003,3,Tokyo,15
1003,4,Niigata,197
1003,4,Tokyo,11
1003,5,Niigata,290
1003,5,Tokyo,15
1003,6,Niigata,312
1003,6,Tokyo,15
1003,7,Niigata,1748
1003,7,Tokyo,12
1003,8,Niigata,1402
1003,8,Tokyo,10
1003,9,Niigata,771
1003,9,Tokyo,15
1003,10,Niigata,724
1003,10,Tokyo,22
1003,11,Niigata,538
1003,11,Tokyo,21
1003,12,Niigata,436
1003,12,Tokyo,20
1003,13,Niigata,411
1003,13,Tokyo,23
1003,14,Niigata,317
1003,14,Tokyo,22
1003,15,Niigata,247
1003,15,Tokyo,19
1003,16,Niigata,251
1003,16,Tokyo,22
1003,17,Niigata,206
1003,17,Tokyo,32
1003,18,Niigata,245
1003,18,Tokyo,25
1003,19,Niigata,290
1003,19,Tokyo,35
1003,20,Niigata,252
1003,20,Tokyo,41
1003,21,Niigata,243
1003,21,Tokyo,24
1003,22,Niigata,235
1003,22,Tokyo,43
1003,23,Niigata,252
1003,23,Tokyo,40
1003,24,Niigata,249
1003,24,Tokyo,44
1003,25,Niigata,264
1003,25,Tokyo,75
1003,26,Niigata,235
1003,26,Tokyo,78
1003,27,Niigata,205
1003,27,Tokyo,66
1003,28,Niigata,197
1003,28,Tokyo,60
1003,29,Niigata,245
1003,29,Tokyo,59
1003,30,Niigata,234
1003,30,Tokyo,45
1003,31,Niigata,216
1003,31,Tokyo,51
1003,32,Niigata,183
1003,32,Tokyo,41
1003,33,Niigata,247
1003,33,Tokyo,87
1003,34,Niigata,221
1003,34,Tokyo,67
1003,35,Niigata,203
1003,35,Tokyo,86
1003,36,Niigata,198
1003,36,Tokyo,46
1003,37,Niigata,216
1003,37,Tokyo,69
1003,38,Niigata,207
1003,38,Tokyo,58
1003,39,Niigata,207
1003,39,Tokyo,54
1003,40,Niigata,205
1003,40,Tokyo,61
1003,41,Niigata,212
1003,41,Tokyo,61
1003,42,Niigata,209
1003,42,Tokyo,62
1003,43,Niigata,202
1003,43,Tokyo,120
1003,44,Niigata,150
1003,44,Tokyo,152
1003,45,Niigata,219
1003,45,Tokyo,125
1003,46,Niigata,150
1003,46,Tokyo,93
1100,1,Niigata,130
1100,1,Tokyo,1738
1100,2,Niigata,138
1100,2,Tokyo,2080
1100,3,Niigata,111
1100,3,Tokyo,2096
1100,4,Niigata,137
1100,4,Tokyo,1647
1100,5,Niigata,144
1100,5,Tokyo,1652
1100,6,Niigata,132
1100,6,Tokyo,1469
1100,7,Niigata,129
1100,7,Tokyo,1379
1100,8,Niigata,162
1100,8,Tokyo,1454
1100,9,Niigata,152
1100,9,Tokyo,1561
1100,10,Niigata,150
1100,10,Tokyo,1406
1100,11,Niigata,148
1100,11,Tokyo,1228
1100,12,Niigata,139
1100,12,Tokyo,1326
1100,13,Niigata,150
1100,13,Tokyo,1252
1100,14,Niigata,146
1100,14,Tokyo,1541
1100,15,Niigata,138
1100,15,Tokyo,1178
1100,16,Niigata,126
1100,16,Tokyo,1264
1100,17,Niigata,146
1100,17,Tokyo,1448
1100,18,Niigata,93
1100,18,Tokyo,1570
1100,19,Niigata,141
1100,19,Tokyo,1896
1100,20,Niigata,119
1100,20,Tokyo,1872
1100,21,Niigata,108
1100,21,Tokyo,1733
1100,22,Niigata,117
1100,22,Tokyo,1613
1100,23,Niigata,97
1100,23,Tokyo,1550
1100,24,Niigata,100
1100,24,Tokyo,1495
1100,25,Niigata,97
1100,25,Tokyo,1385
1100,26,Niigata,117
1100,26,Tokyo,1265
1100,27,Niigata,100
1100,27,Tokyo,1224
1100,28,Niigata,119
1100,28,Tokyo,1076
1100,29,Niigata,104
1100,29,Tokyo,1003
1100,30,Niigata,110
1100,30,Tokyo,978
1100,31,Niigata,84
1100,31,Tokyo,1281
1100,32,Niigata,106
1100,32,Tokyo,1166
1100,33,Niigata,99
1100,33,Tokyo,1245
1100,34,Niigata,112
1100,34,Tokyo,1080
1100,35,Niigata,132
1100,35,Tokyo,1385
1100,36,Niigata,134
1100,36,Tokyo,1717
1100,37,Niigata,111
1100,37,Tokyo,1299
1100,38,Niigata,121
1100,38,Tokyo,1168
1100,39,Niigata,158
1100,39,Tokyo,1497
1100,40,Niigata,111
1100,40,Tokyo,1543
1100,41,Niigata,81
1100,41,Tokyo,1314
1100,42,Niigata,108
1100,42,Tokyo,1210
1100,43,Niigata,138
1100,43,Tokyo,1229
1100,44,Niigata,117
1100,44,Tokyo,1213
1100,45,Niigata,133
1100,45,Tokyo,1308
1100,46,Niigata,104
1100,46,Tokyo,1203
1101,1,Niigata,33
1101,1,Tokyo,1369
1101,2,Niigata,34
1101,2,Tokyo,1917
1101,3,Niigata,31
1101,3,Tokyo,1362
1101,4,Niigata,51
1101,4,Tokyo,980
1101,5,Niigata,46
1101,5,Tokyo,1068
1101,6,Niigata,40
1101,6,Tokyo,980
1101,7,Niigata,37
1101,7,Tokyo,1062
1101,8,Niigata,32
1101,8,Tokyo,2010
1101,9,Niigata,34
1101,9,Tokyo,1415
1101,10,Niigata,39
1101,10,Tokyo,1403
1101,11,Niigata,39
1101,11,Tokyo,1604
1101,12,Niigata,33
1101,12,Tokyo,1752
1101,13,Niigata,39
1101,13,Tokyo,1649
1101,14,Niigata,40
1101,14,Tokyo,1579
1101,15,Niigata,39
1101,15,Tokyo,1394
1101,16,Niigata,34
1101,16,Tokyo,1222
1101,17,Niigata,39
1101,17,Tokyo,1195
1101,18,Niigata,34
1101,18,Tokyo,1273
1101,19,Niigata,36
1101,19,Tokyo,1418
1101,20,Niigata,36
1101,20,Tokyo,1507
1101,21,Niigata,35
1101,21,Tokyo,1745
1101,22,Niigata,30
1101,22,Tokyo,1243
1101,23,Niigata,33
1101,23,Tokyo,1221
1101,24,Niigata,28
1101,24,Tokyo,1227
1101,25,Niigata,38
1101,25,Tokyo,1456
1101,26,Niigata,35
1101,26,Tokyo,1280
1101,27,Niigata,36
1101,27,Tokyo,974
1101,28,Niigata,41
1101,28,Tokyo,978
1101,29,Niigata,35
1101,29,Tokyo,1046
1101,30,Niigata,36
1101,30,Tokyo,980
1101,31,Niigata,38
1101,31,Tokyo,1028
1101,32,Niigata,35
1101,32,Tokyo,899
1101,33,Niigata,42
1101,33,Tokyo,1086
1101,34,Niigata,33
1101,34,Tokyo,1434
1101,35,Niigata,35
1101,35,Tokyo,1129
1101,36,Niigata,47
1101,36,Tokyo,1159
1101,37,Niigata,36
1101,37,Tokyo,1352
1101,38,Niigata,41
1101,38,Tokyo,1921
1101,39,Niigata,40
1101,39,Tokyo,1336
1101,40,Niigata,23
1101,40,Tokyo,1308
1101,41,Niigata,41
1101,41,Tokyo,1299
1101,42,Niigata,29
1101,42,Tokyo,1883
1101,43,Niigata,40
1101,43,Tokyo,2151
1101,44,Niigata,43
1101,44,Tokyo,1330
1101,45,Niigata,26
1101,45,Tokyo,1711
1101,46,Niigata,47
1101,46,Tokyo,1954
1102,1,Niigata,7
1102,1,Tokyo,462
1102,2,Niigata,11
1102,2,Tokyo,526
1102,3,Niigata,12
1102,3,Tokyo,416
1102,4,Niigata,12
1102,4,Tokyo,428
1102,5,Niigata,8
1102,5,Tokyo,451
1102,6,Niigata,11
1102,6,Tokyo,398
1102,7,Niigata,16
1102,7,Tokyo,354
1102,8,Niigata,9
1102,8,Tokyo,377
1102,9,Niigata,12
1102,9,Tokyo,355
1102,10,Niigata,11
1102,10,Tokyo,346
1102,11,Niigata,12
1102,11,Tokyo,324
1102,12,Niigata,18
1102,12,Tokyo,314
1102,13,Niigata,9
1102,13,Tokyo,368
1102,14,Niigata,9
1102,14,Tokyo,336
1102,15,Niigata,5
1102,15,Tokyo,318
1102,16,Niigata,9
1102,16,Tokyo,302
1102,17,Niigata,7
1102,17,Tokyo,289
1102,18,Niigata,10
1102,18,Tokyo,302
1102,19,Niigata,10
1102,19,Tokyo,311
1102,20,Niigata,15
1102,20,Tokyo,329
1102,21,Niigata,10
1102,21,Tokyo,365
1102,22,Niigata,15
1102,22,Tokyo,348
1102,23,Niigata,14
1102,23,Tokyo,349
1102,24,Niigata,8
1102,24,Tokyo,354
1102,25,Niigata,11
1102,25,Tokyo,397
1102,26,Niigata,14
1102,26,Tokyo,363
1102,27,Niigata,3
1102,27,Tokyo,334
1102,28,Niigata,11
1102,28,Tokyo,321
1102,29,Niigata,2
1102,29,Tokyo,330
1102,30,Niigata,7
1102,30,Tokyo,329
1102,31,Niigata,10
1102,31,Tokyo,309
1102,32,Niigata,5
1102,32,Tokyo,287
1102,33,Niigata,6
1102,33,Tokyo,299
1102,34,Niigata,14
1102,34,Tokyo,331
1102,35,Niigata,4
1102,35,Tokyo,335
1102,36,Niigata,11
1102,36,Tokyo,368
1102,37,Niigata,13
1102,37,Tokyo,357
1102,38,Niigata,6
1102,38,Tokyo,392
1102,39,Niigata,23
1102,39,Tokyo,361
1102,40,Niigata,23
1102,40,Tokyo,311
1102,41,Niigata,22
1102,41,Tokyo,350
1102,42,Niigata,24
1102,42,Tokyo,361
1102,43,Niigata,26
1102,43,Tokyo,325
1102,44,Niigata,34
1102,44,Tokyo,316
1102,45,Niigata,34
1102,45,Tokyo,317
1102,46,Niigata,26
1102,46,Tokyo,322
1201,1,Niigata,160
1201,2,Niigata,213
1201,2,Tokyo,1
1201,3,Niigata,200
1201,4,Niigata,225
1201,5,Niigata,234
1201,6,Niigata,236
1201,6,Tokyo,1
1201,7,Niigata,217
1201,8,Niigata,265
1201,9,Niigata,242
1201,10,Niigata,305
1201,11,Niigata,297
1201,12,Niigata,286
1201,13,Niigata,226
1201,14,Niigata,153
1201,15,Niigata,163
1201,16,Niigata,129
1201,17,Niigata,106
1201,18,Niigata,89
1201,19,Niigata,104
1201,20,Niigata,134
1201,21,Niigata,138
1201,22,Niigata,100
1201,23,Niigata,113
1201,24,Niigata,128
1201,25,Niigata,132
1201,26,Niigata,146
1201,27,Niigata,126
1201,28,Niigata,124
1201,29,Niigata,109
1201,30,Niigata,120
1201,31,Niigata,87
1201,32,Niigata,93
1201,33,Niigata,107
1201,34,Niigata,123
1201,35,Niigata,140
1201,36,Niigata,116
1201,37,Niigata,96
1201,38,Niigata,103
1201,39,Niigata,120
1201,40,Niigata,84
1201,41,Niigata,73
1201,42,Niigata,87
1201,43,Niigata,85
1201,44,Niigata,62
1201,45,Niigata,85
1201,46,Niigata,87
1202,1,Niigata,148
1202,2,Niigata,163
1202,3,Niigata,171
1202,4,Niigata,140
1202,5,Niigata,186
1202,6,Niigata,161
1202,7,Niigata,142
1202,8,Niigata,150
1202,9,Niigata,161
1202,10,Niigata,184
1202,11,Niigata,180
1202,11,Tokyo,17
1202,12,Niigata,204
1202,12,Tokyo,24
1202,13,Niigata,191
1202,13,Tokyo,28
1202,14,Niigata,173
1202,14,Tokyo,24
1202,15,Niigata,162
1202,15,Tokyo,14
1202,16,Niigata,182
1202,16,Tokyo,12
1202,17,Niigata,158
1202,17,Tokyo,3
1202,18,Niigata,176
1202,18,Tokyo,2
1202,19,Niigata,173
1202,19,Tokyo,1
1202,20,Niigata,199
1202,20,Tokyo,10
1202,21,Niigata,173
1202,21,Tokyo,6
1202,22,Niigata,203
1202,22,Tokyo,5
1202,23,Niigata,242
1202,23,Tokyo,11
1202,24,Niigata,239
1202,24,Tokyo,5
1202,25,Niigata,214
1202,25,Tokyo,7
1202,26,Niigata,141
1202,26,Tokyo,11
1202,27,Niigata,129
1202,27,Tokyo,3
1202,28,Niigata,99
1202,28,Tokyo,3
1202,29,Niigata,120
1202,29,Tokyo,5
1202,30,Niigata,94
1202,30,Tokyo,8
1202,31,Niigata,100
1202,31,Tokyo,5
1202,32,Niigata,85
1202,32,Tokyo,10
1202,33,Niigata,96
1202,33,Tokyo,4
1202,34,Niigata,115
1202,34,Tokyo,11
1202,35,Niigata,92
1202,35,Tokyo,12
1202,36,Niigata,107
1202,36,Tokyo,5
1202,37,Niigata,132
1202,37,Tokyo,10
1202,38,Niigata,133
1202,38,Tokyo,11
1202,39,Niigata,111
1202,39,Tokyo,5
1202,40,Niigata,103
1202,40,Tokyo,10
1202,41,Niigata,106
1202,41,Tokyo,7
1202,42,Niigata,125
1202,42,Tokyo,6
1202,43,Niigata,96
1202,43,Tokyo,11
1202,44,Niigata,98
1202,44,Tokyo,4
1202,45,Niigata,105
1202,45,Tokyo,5
1202,46,Niigata,84
1202,46,Tokyo,7
1999,1,Niigata,11
1999,2,Niigata,29
1999,2,Tokyo,1
1999,3,Niigata,16
1999,4,Niigata,23
1999,4,Tokyo,1
1999,5,Niigata,32
1999,6,Niigata,25
1999,7,Niigata,33
1999,7,Tokyo,1
1999,8,Niigata,15
1999,9,Niigata,21
1999,10,Niigata,24
1999,11,Niigata,14
1999,12,Niigata,16
1999,12,Tokyo,1
1999,13,Niigata,18
1999,14,Niigata,22
1999,14,Tokyo,542
1999,15,Niigata,19
1999,15,Tokyo,231
1999,16,Niigata,19
1999,16,Tokyo,503
1999,17,Niigata,20
1999,17,Tokyo,127
1999,18,Niigata,17
1999,18,Tokyo,72
1999,19,Niigata,24
1999,19,Tokyo,82
1999,20,Niigata,27
1999,20,Tokyo,75
1999,21,Niigata,20
1999,21,Tokyo,193
1999,22,Niigata,19
1999,22,Tokyo,174
1999,23,Niigata,30
1999,23,Tokyo,239
1999,24,Niigata,32
1999,24,Tokyo,204
1999,25,Niigata,20
1999,25,Tokyo,113
1999,26,Niigata,29
1999,26,Tokyo,69
1999,27,Niigata,33
1999,27,Tokyo,97
1999,28,Niigata,31
1999,28,Tokyo,94
1999,29,Niigata,19
1999,29,Tokyo,105
1999,30,Niigata,24
1999,30,Tokyo,106
1999,31,Niigata,30
1999,31,Tokyo,211
1999,32,Niigata,21
1999,32,Tokyo,221
1999,33,Niigata,24
1999,33,Tokyo,225
1999,34,Niigata,22
1999,34,Tokyo,247
1999,35,Niigata,34
1999,35,Tokyo,465
1999,36,Niigata,39
1999,36,Tokyo,507
1999,37,Niigata,36
1999,37,Tokyo,436
1999,38,Niigata,29
1999,38,Tokyo,281
1999,39,Niigata,24
1999,39,Tokyo,348
1999,40,Niigata,36
1999,40,Tokyo,361
1999,41,Niigata,16
1999,41,Tokyo,531
1999,42,Niigata,37
1999,42,Tokyo,466
1999,43,Niigata,35
1999,43,Tokyo,715
1999,44,Niigata,29
1999,44,Tokyo,952
1999,45,Niigata,32
1999,45,Tokyo,1361
1999,46,Niigata,26
1999,46,Tokyo,1117
2000,1,Niigata,89
2000,1,Tokyo,98
2000,2,Niigata,81
2000,2,Tokyo,72
2000,3,Niigata,112
2000,3,Tokyo,68
2000,4,Niigata,99
2000,4,Tokyo,65
2000,5,Niigata,108
2000,5,Tokyo,75
2000,6,Niigata,111
2000,6,Tokyo,90
2000,7,Niigata,87
2000,7,Tokyo,84
2000,8,Niigata,99
2000,8,Tokyo,87
2000,9,Niigata,111
2000,9,Tokyo,106
2000,10,Niigata,101
2000,10,Tokyo,83
2000,11,Niigata,106
2000,11,Tokyo,86
2000,12,Niigata,131
2000,12,Tokyo,119
2000,13,Niigata,116
2000,13,Tokyo,135
2000,14,Niigata,97
2000,14,Tokyo,123
2000,15,Niigata,91
2000,15,Tokyo,121
2000,16,Niigata,101
2000,16,Tokyo,78
2000,17,Niigata,88
2000,17,Tokyo,94
2000,18,Niigata,111
2000,18,Tokyo,54
2000,19,Niigata,84
2000,19,Tokyo,83
2000,20,Niigata,82
2000,20,Tokyo,73
2000,21,Niigata,98
2000,21,Tokyo,74
2000,22,Niigata,112
2000,22,Tokyo,95
2000,23,Niigata,121
2000,23,Tokyo,84
2000,24,Niigata,127
2000,24,Tokyo,82
2000,25,Niigata,139
2000,25,Tokyo,89
2000,26,Niigata,136
2000,26,Tokyo,90
2000,27,Niigata,133
2000,27,Tokyo,74
2000,28,Niigata,135
2000,28,Tokyo,76
2000,29,Niigata,128
2000,29,Tokyo,86
2000,30,Niigata,109
2000,30,Tokyo,93
2000,31,Niigata,148
2000,31,Tokyo,94
2000,32,Niigata,70
2000,32,Tokyo,124
2000,33,Niigata,74
2000,33,Tokyo,91
2000,34,Niigata,52
2000,34,Tokyo,79
2000,35,Niigata,50
2000,35,Tokyo,88
2000,36,Niigata,82
2000,36,Tokyo,92
2000,37,Niigata,107
2000,37,Tokyo,84
2000,38,Niigata,112
2000,38,Tokyo,90
2000,39,Niigata,112
2000,39,Tokyo,96
2000,40,Niigata,113
2000,40,Tokyo,72
2000,41,Niigata,114
2000,41,Tokyo,77
2000,42,Niigata,134
2000,42,Tokyo,70
2000,43,Niigata,161
2000,43,Tokyo,62
2000,44,Niigata,137
2000,44,Tokyo,65
2000,45,Niigata,130
2000,45,Tokyo,66
2000,46,Niigata,122
2000,46,Tokyo,85
2001,1,Niigata,2715
2001,1,Tokyo,12529
2001,2,Niigata,2146
2001,2,Tokyo,12092
2001,3,Niigata,1962
2001,3,Tokyo,11987
2001,4,Niigata,1724
2001,4,Tokyo,9725
2001,5,Niigata,1807
2001,5,Tokyo,8293
2001,6,Niigata,1650
2001,6,Tokyo,7662
2001,7,Niigata,1557
2001,7,Tokyo,9061
2001,8,Niigata,1696
2001,8,Tokyo,9980
2001,9,Niigata,1632
2001,9,Tokyo,8719
2001,10,Niigata,1440
2001,10,Tokyo,9120
2001,11,Niigata,1296
2001,11,Tokyo,8112
2001,12,Niigata,1292
2001,12,Tokyo,8627
2001,13,Niigata,1286
2001,13,Tokyo,8939
2001,14,Niigata,1095
2001,14,Tokyo,7870
2001,15,Niigata,1088
2001,15,Tokyo,7432
2001,16,Niigata,1171
2001,16,Tokyo,9932
2001,17,Niigata,1141
2001,17,Tokyo,9541
2001,18,Niigata,979
2001,18,Tokyo,7485
2001,19,Niigata,1153
2001,19,Tokyo,8475
2001,20,Niigata,1187
2001,20,Tokyo,8590
2001,21,Niigata,1061
2001,21,Tokyo,8671
2001,22,Niigata,1156
2001,22,Tokyo,7102
2001,23,Niigata,1090
2001,23,Tokyo,8170
2001,24,Niigata,1097
2001,24,Tokyo,8330
2001,25,Niigata,1083
2001,25,Tokyo,8651
2001,26,Niigata,1209
2001,26,Tokyo,10445
2001,27,Niigata,1222
2001,27,Tokyo,10502
2001,28,Niigata,1145
2001,28,Tokyo,10408
2001,29,Niigata,1087
2001,29,Tokyo,9582
2001,30,Niigata,1109
2001,30,Tokyo,7939
2001,31,Niigata,952
2001,31,Tokyo,7002
2001,32,Niigata,825
2001,32,Tokyo,6319
2001,33,Niigata,803
2001,33,Tokyo,4338
2001,34,Niigata,828
2001,34,Tokyo,4798
2001,35,Niigata,977
2001,35,Tokyo,4531
2001,36,Niigata,1042
2001,36,Tokyo,4777
2001,37,Niigata,1086
2001,37,Tokyo,4850
2001,38,Niigata,959
2001,38,Tokyo,6040
2001,39,Niigata,1047
2001,39,Tokyo,6253
2001,40,Niigata,1086
2001,40,Tokyo,5539
2001,41,Niigata,1079
2001,41,Tokyo,5639
2001,42,Niigata,1287
2001,42,Tokyo,6032
2001,43,Niigata,1180
2001,43,Tokyo,6303
2001,44,Niigata,1250
2001,44,Tokyo,5842
2001,45,Niigata,1357
2001,45,Tokyo,6389
2001,46,Niigata,1410
2001,46,Tokyo,6970
2100,1,Niigata,1026
2100,1,Tokyo,3822
2100,2,Niigata,966
2100,2,Tokyo,3852
2100,3,Niigata,1008
2100,3,Tokyo,3967
2100,4,Niigata,976
2100,4,Tokyo,3975
2100,5,Niigata,946
2100,5,Tokyo,4111
2100,6,Niigata,966
2100,6,Tokyo,3855
2100,7,Niigata,880
2100,7,Tokyo,3703
2100,8,Niigata,904
2100,8,Tokyo,3763
2100,9,Niigata,893
2100,9,Tokyo,3838
2100,10,Niigata,952
2100,10,Tokyo,3890
2100,11,Niigata,785
2100,11,Tokyo,3450
2100,12,Niigata,873
2100,12,Tokyo,3796
2100,13,Niigata,892
2100,13,Tokyo,3854
2100,14,Niigata,797
2100,14,Tokyo,4298
2100,15,Niigata,763
2100,15,Tokyo,4581
2100,16,Niigata,819
2100,16,Tokyo,4929
2100,17,Niigata,906
2100,17,Tokyo,4552
2100,18,Niigata,762
2100,18,Tokyo,4215
2100,19,Niigata,861
2100,19,Tokyo,4750
2100,20,Niigata,800
2100,20,Tokyo,4590
2100,21,Niigata,818
2100,21,Tokyo,4514
2100,22,Niigata,911
2100,22,Tokyo,4941
2100,23,Niigata,807
2100,23,Tokyo,4954
2100,24,Niigata,820
2100,24,Tokyo,4535
2100,25,Niigata,815
2100,25,Tokyo,4377
2100,26,Niigata,827
2100,26,Tokyo,4383
2100,27,Niigata,883
2100,27,Tokyo,4360
2100,28,Niigata,739
2100,28,Tokyo,4167
2100,29,Niigata,798
2100,29,Tokyo,3978
2100,30,Niigata,767
2100,30,Tokyo,3650
2100,31,Niigata,812
2100,31,Tokyo,3898
2100,32,Niigata,729
2100,32,Tokyo,3455
2100,33,Niigata,711
2100,33,Tokyo,4131
2100,34,Niigata,735
2100,34,Tokyo,4410
2100,35,Niigata,801
2100,35,Tokyo,4653
2100,36,Niigata,736
2100,36,Tokyo,4060
2100,37,Niigata,698
2100,37,Tokyo,3994
2100,38,Niigata,783
2100,38,Tokyo,3955
2100,39,Niigata,764
2100,39,Tokyo,3926
2100,40,Niigata,631
2100,40,Tokyo,2990
2100,41,Niigata,677
2100,41,Tokyo,3287
2100,42,Niigata,644
2100,42,Tokyo,3164
2100,43,Niigata,709
2100,43,Tokyo,3229
2100,44,Niigata,685
2100,44,Tokyo,3112
2100,45,Niigata,690
2100,45,Tokyo,3007
2100,46,Niigata,580
2100,46,Tokyo,3007
2200,1,Niigata,1919
2200,1,Tokyo,10
2200,2,Niigata,1863
2200,3,Niigata,1747
2200,3,Tokyo,3
2200,4,Niigata,1830
2200,5,Niigata,2021
2200,6,Niigata,1934
2200,6,Tokyo,1
2200,7,Niigata,1895
2200,8,Niigata,1868
2200,8,Tokyo,2
2200,9,Niigata,1988
2200,9,Tokyo,1
2200,10,Niigata,1813
2200,10,Tokyo,3
2200,11,Niigata,1687
2200,11,Tokyo,2
2200,12,Niigata,1698
2200,13,Niigata,1643
2200,14,Niigata,1631
2200,15,Niigata,1566
2200,15,Tokyo,2
2200,16,Niigata,1510
2200,17,Niigata,1610
2200,17,Tokyo,1
2200,18,Niigata,1604
2200,19,Niigata,1573
2200,19,Tokyo,2
2200,20,Niigata,1509
2200,21,Niigata,1526
2200,22,Niigata,1585
2200,23,Niigata,1546
2200,24,Niigata,1471
2200,25,Niigata,1441
2200,26,Niigata,1581
2200,27,Niigata,1584
2200,28,Niigata,1438
2200,28,Tokyo,1
2200,29,Niigata,1340
2200,30,Niigata,1432
2200,31,Niigata,1458
2200,32,Niigata,1374
2200,33,Niigata,1428
2200,34,Niigata,1415
2200,35,Niigata,1537
2200,36,Niigata,1503
2200,36,Tokyo,1
2200,37,Niigata,1496
2200,38,Niigata,1435
2200,39,Niigata,1533
2200,40,Niigata,1554
2200,41,Niigata,1427
2200,42,Niigata,1428
2200,42,Tokyo,1
2200,43,Niigata,1457
2200,44,Niigata,1413
2200,45,Niigata,1433
2200,45,Tokyo,1
2200,46,Niigata,1400
2200,46,Tokyo,2
2201,1,Niigata,69
2201,1,Tokyo,195
2201,2,Niigata,62
2201,2,Tokyo,151
2201,3,Niigata,61
2201,3,Tokyo,169
2201,4,Niigata,78
2201,4,Tokyo,177
2201,5,Niigata,91
2201,5,Tokyo,153
2201,6,Niigata,70
2201,6,Tokyo,124
2201,7,Niigata,77
2201,7,Tokyo,126
2201,8,Niigata,79
2201,8,Tokyo,152
2201,9,Niigata,56
2201,9,Tokyo,158
2201,10,Niigata,51
2201,10,Tokyo,149
2201,11,Niigata,64
2201,11,Tokyo,175
2201,12,Niigata,51
2201,12,Tokyo,196
2201,13,Niigata,77
2201,13,Tokyo,196
2201,14,Niigata,64
2201,14,Tokyo,162
2201,15,Niigata,62
2201,15,Tokyo,145
2201,16,Niigata,56
2201,16,Tokyo,144
2201,17,Niigata,44
2201,17,Tokyo,164
2201,18,Niigata,38
2201,18,Tokyo,163
2201,19,Niigata,42
2201,19,Tokyo,138
2201,20,Niigata,54
2201,20,Tokyo,183
2201,21,Niigata,45
2201,21,Tokyo,139
2201,22,Niigata,53
2201,22,Tokyo,137
2201,23,Niigata,51
2201,23,Tokyo,143
2201,24,Niigata,53
2201,24,Tokyo,130
2201,25,Niigata,46
2201,25,Tokyo,123
2201,26,Niigata,52
2201,26,Tokyo,143
2201,27,Niigata,56
2201,27,Tokyo,121
2201,28,Niigata,36
2201,28,Tokyo,110
2201,29,Niigata,36
2201,29,Tokyo,104
2201,30,Niigata,45
2201,30,Tokyo,126
2201,31,Niigata,26
2201,31,Tokyo,98
2201,32,Niigata,30
2201,32,Tokyo,108
2201,33,Niigata,23
2201,33,Tokyo,79
2201,34,Niigata,24
2201,34,Tokyo,93
2201,35,Niigata,30
2201,35,Tokyo,117
2201,36,Niigata,27
2201,36,Tokyo,85
2201,37,Niigata,25
2201,37,Tokyo,104
2201,38,Niigata,29
2201,38,Tokyo,96
2201,39,Niigata,26
2201,39,Tokyo,91
2201,40,Niigata,19
2201,40,Tokyo,98
2201,41,Niigata,31
2201,41,Tokyo,72
2201,42,Niigata,32
2201,42,Tokyo,87
2201,43,Niigata,31
2201,43,Tokyo,90
2201,44,Niigata,28
2201,44,Tokyo,81
2201,45,Niigata,39
2201,45,Tokyo,73
2201,46,Niigata,43
2201,46,Tokyo,78
2202,1,Niigata,46
2202,1,Tokyo,173
2202,2,Niigata,67
2202,2,Tokyo,111
2202,3,Niigata,45
2202,3,Tokyo,107
2202,4,Niigata,44
2202,4,Tokyo,93
2202,5,Niigata,58
2202,5,Tokyo,122
2202,6,Niigata,63
2202,6,Tokyo,98
2202,7,Niigata,69
2202,7,Tokyo,130
2202,8,Niigata,37
2202,8,Tokyo,137
2202,9,Niigata,88
2202,9,Tokyo,123
2202,10,Niigata,61
2202,10,Tokyo,150
2202,11,Niigata,54
2202,11,Tokyo,131
2202,12,Niigata,59
2202,12,Tokyo,177
2202,13,Niigata,91
2202,13,Tokyo,177
2202,14,Niigata,68
2202,14,Tokyo,123
2202,15,Niigata,94
2202,15,Tokyo,70
2202,16,Niigata,92
2202,16,Tokyo,61
2202,17,Niigata,187
2202,17,Tokyo,46
2202,18,Niigata,151
2202,18,Tokyo,37
2202,19,Niigata,92
2202,19,Tokyo,40
2202,20,Niigata,77
2202,20,Tokyo,33
2202,21,Niigata,52
2202,21,Tokyo,39
2202,22,Niigata,77
2202,22,Tokyo,36
2202,23,Niigata,102
2202,23,Tokyo,27
2202,24,Niigata,83
2202,24,Tokyo,25
2202,25,Niigata,81
2202,25,Tokyo,26
2202,26,Niigata,74
2202,26,Tokyo,22
2202,27,Niigata,69
2202,27,Tokyo,18
2202,28,Niigata,62
2202,28,Tokyo,19
2202,29,Niigata,78
2202,29,Tokyo,19
2202,30,Niigata,38
2202,30,Tokyo,14
2202,31,Niigata,78
2202,31,Tokyo,14
2202,32,Niigata,41
2202,32,Tokyo,14
2202,33,Niigata,49
2202,33,Tokyo,15
2202,34,Niigata,59
2202,34,Tokyo,15
2202,35,Niigata,62
2202,35,Tokyo,16
2202,36,Niigata,54
2202,36,Tokyo,21
2202,37,Niigata,63
2202,37,Tokyo,13
2202,38,Niigata,62
2202,38,Tokyo,15
2202,39,Niigata,100
2202,39,Tokyo,15
2202,40,Niigata,76
2202,40,Tokyo,18
2202,41,Niigata,81
2202,41,Tokyo,17
2202,42,Niigata,97
2202,42,Tokyo,14
2202,43,Niigata,147
2202,43,Tokyo,19
2202,44,Niigata,189
2202,44,Tokyo,16
2202,45,Niigata,204
2202,45,Tokyo,22
2202,46,Niigata,82
2202,46,Tokyo,23
2203,1,Niigata,378
2203,1,Tokyo,8008
2203,2,Niigata,399
2203,2,Tokyo,7576
2203,3,Niigata,412
2203,3,Tokyo,7975
2203,4,Niigata,414
2203,4,Tokyo,7954
2203,5,Niigata,420
2203,5,Tokyo,8219
2203,6,Niigata,398
2203,6,Tokyo,7637
2203,7,Niigata,350
2203,7,Tokyo,7561
2203,8,Niigata,357
2203,8,Tokyo,7962
2203,9,Niigata,448
2203,9,Tokyo,8340
2203,10,Niigata,460
2203,10,Tokyo,7692
2203,11,Niigata,438
2203,11,Tokyo,7136
2203,12,Niigata,465
2203,12,Tokyo,7363
2203,13,Niigata,507
2203,13,Tokyo,8279
2203,14,Niigata,468
2203,14,Tokyo,8245
2203,15,Niigata,372
2203,15,Tokyo,7685
2203,16,Niigata,448
2203,16,Tokyo,7918
2203,17,Niigata,446
2203,17,Tokyo,8182
2203,18,Niigata,398
2203,18,Tokyo,7816
2203,19,Niigata,395
2203,19,Tokyo,8023
2203,20,Niigata,430
2203,20,Tokyo,8146
2203,21,Niigata,403
2203,21,Tokyo,7918
2203,22,Niigata,458
2203,22,Tokyo,8693
2203,23,Niigata,438
2203,23,Tokyo,7552
2203,24,Niigata,477
2203,24,Tokyo,7084
2203,25,Niigata,512
2203,25,Tokyo,6912
2203,26,Niigata,532
2203,26,Tokyo,6899
2203,27,Niigata,503
2203,27,Tokyo,6842
2203,28,Niigata,470
2203,28,Tokyo,6314
2203,29,Niigata,419
2203,29,Tokyo,6710
2203,30,Niigata,424
2203,30,Tokyo,6608
2203,31,Niigata,452
2203,31,Tokyo,6776
2203,32,Niigata,432
2203,32,Tokyo,6080
2203,33,Niigata,482
2203,33,Tokyo,6204
2203,34,Niigata,450
2203,34,Tokyo,5688
2203,35,Niigata,490
2203,35,Tokyo,6942
2203,36,Niigata,505
2203,36,Tokyo,6748
2203,37,Niigata,464
2203,37,Tokyo,5868
2203,38,Niigata,465
2203,38,Tokyo,6160
2203,39,Niigata,412
2203,39,Tokyo,6426
2203,40,Niigata,442
2203,40,Tokyo,5915
2203,41,Niigata,415
2203,41,Tokyo,6344
2203,42,Niigata,460
2203,42,Tokyo,6305
2203,43,Niigata,476
2203,43,Tokyo,5612
2203,44,Niigata,378
2203,44,Tokyo,5829
2203,45,Niigata,360
2203,45,Tokyo,6134
2203,46,Niigata,364
2203,46,Tokyo,5937
2204,1,Niigata,285
2204,1,Tokyo,997
2204,2,Niigata,274
2204,2,Tokyo,972
2204,3,Niigata,272
2204,3,Tokyo,860
2204,4,Niigata,280
2204,4,Tokyo,886
2204,5,Niigata,246
2204,5,Tokyo,866
2204,6,Niigata,229
2204,6,Tokyo,769
2204,7,Niigata,234
2204,7,Tokyo,701
2204,8,Niigata,195
2204,8,Tokyo,751
2204,9,Niigata,225
2204,9,Tokyo,747
2204,10,Niigata,179
2204,10,Tokyo,619
2204,11,Niigata,190
2204,11,Tokyo,653
2204,12,Niigata,171
2204,12,Tokyo,715
2204,13,Niigata,211
2204,13,Tokyo,722
2204,14,Niigata,214
2204,14,Tokyo,767
2204,15,Niigata,210
2204,15,Tokyo,776
2204,16,Niigata,230
2204,16,Tokyo,812
2204,17,Niigata,235
2204,17,Tokyo,805
2204,18,Niigata,292
2204,18,Tokyo,739
2204,19,Niigata,316
2204,19,Tokyo,881
2204,20,Niigata,301
2204,20,Tokyo,881
2204,21,Niigata,262
2204,21,Tokyo,879
2204,22,Niigata,382
2204,22,Tokyo,948
2204,23,Niigata,334
2204,23,Tokyo,1299
2204,24,Niigata,353
2204,24,Tokyo,1389
2204,25,Niigata,313
2204,25,Tokyo,1416
2204,26,Niigata,295
2204,26,Tokyo,1300
2204,27,Niigata,312
2204,27,Tokyo,1321
2204,28,Niigata,265
2204,28,Tokyo,1075
2204,29,Niigata,273
2204,29,Tokyo,1126
2204,30,Niigata,225
2204,30,Tokyo,1155
2204,31,Niigata,267
2204,31,Tokyo,1265
2204,32,Niigata,260
2204,32,Tokyo,1292
2204,33,Niigata,303
2204,33,Tokyo,1584
2204,34,Niigata,311
2204,34,Tokyo,1529
2204,35,Niigata,289
2204,35,Tokyo,1540
2204,36,Niigata,265
2204,36,Tokyo,1636
2204,37,Niigata,246
2204,37,Tokyo,1640
2204,38,Niigata,245
2204,38,Tokyo,1658
2204,39,Niigata,190
2204,39,Tokyo,1574
2204,40,Niigata,232
2204,40,Tokyo,1584
2204,41,Niigata,229
2204,41,Tokyo,1930
2204,42,Niigata,168
2204,42,Tokyo,1689
2204,43,Niigata,185
2204,43,Tokyo,1658
2204,44,Niigata,131
2204,44,Tokyo,1492
2204,45,Niigata,122
2204,45,Tokyo,1577
2204,46,Niigata,104
2204,46,Tokyo,1513
2300,1,Niigata,824
2300,1,Tokyo,4811
2300,2,Niigata,933
2300,2,Tokyo,4951
2300,3,Niigata,843
2300,3,Tokyo,4247
2300,4,Niigata,831
2300,4,Tokyo,4477
2300,5,Niigata,759
2300,5,Tokyo,4587
2300,6,Niigata,751
2300,6,Tokyo,5598
2300,7,Niigata,642
2300,7,Tokyo,5835
2300,8,Niigata,631
2300,8,Tokyo,5971
2300,9,Niigata,650
2300,9,Tokyo,5850
2300,10,Niigata,640
2300,10,Tokyo,5634
2300,11,Niigata,535
2300,11,Tokyo,5458
2300,12,Niigata,605
2300,12,Tokyo,5588
2300,13,Niigata,548
2300,13,Tokyo,5554
2300,14,Niigata,607
2300,14,Tokyo,6403
2300,15,Niigata,696
2300,15,Tokyo,5972
2300,16,Niigata,695
2300,16,Tokyo,6286
2300,17,Niigata,687
2300,17,Tokyo,6086
2300,18,Niigata,567
2300,18,Tokyo,6461
2300,19,Niigata,692
2300,19,Tokyo,8034
2300,20,Niigata,668
2300,20,Tokyo,8655
2300,21,Niigata,601
2300,21,Tokyo,7988
2300,22,Niigata,707
2300,22,Tokyo,7811
2300,23,Niigata,647
2300,23,Tokyo,7761
2300,24,Niigata,584
2300,24,Tokyo,7189
2300,25,Niigata,608
2300,25,Tokyo,8158
2300,26,Niigata,573
2300,26,Tokyo,7623
2300,27,Niigata,549
2300,27,Tokyo,8418
2300,28,Niigata,454
2300,28,Tokyo,8050
2300,29,Niigata,431
2300,29,Tokyo,8017
2300,30,Niigata,476
2300,30,Tokyo,8609
2300,31,Niigata,577
2300,31,Tokyo,8294
2300,32,Niigata,408
2300,32,Tokyo,8400
2300,33,Niigata,503
2300,33,Tokyo,9867
2300,34,Niigata,552
2300,34,Tokyo,10049
2300,35,Niigata,535
2300,35,Tokyo,9369
2300,36,Niigata,582
2300,36,Tokyo,7681
2300,37,Niigata,561
2300,37,Tokyo,7028
2300,38,Niigata,556
2300,38,Tokyo,7095
2300,39,Niigata,502
2300,39,Tokyo,6807
2300,40,Niigata,529
2300,40,Tokyo,6848
2300,41,Niigata,563
2300,41,Tokyo,6870
2300,42,Niigata,511
2300,42,Tokyo,6093
2300,43,Niigata,496
2300,43,Tokyo,5897
2300,44,Niigata,412
2300,44,Tokyo,5318
2300,45,Niigata,489
2300,45,Tokyo,5585
2300,46,Niigata,425
2300,46,Tokyo,5570
2301,1,Niigata,72
2301,1,Tokyo,477
2301,2,Niigata,72
2301,2,Tokyo,547
2301,3,Niigata,80
2301,3,Tokyo,527
2301,4,Niigata,65
2301,4,Tokyo,563
2301,5,Niigata,76
2301,5,Tokyo,543
2301,6,Niigata,87
2301,6,Tokyo,483
2301,7,Niigata,92
2301,7,Tokyo,470
2301,8,Niigata,96
2301,8,Tokyo,579
2301,9,Niigata,107
2301,9,Tokyo,522
2301,10,Niigata,131
2301,10,Tokyo,483
2301,11,Niigata,114
2301,11,Tokyo,443
2301,12,Niigata,119
2301,12,Tokyo,528
2301,13,Niigata,111
2301,13,Tokyo,583
2301,14,Niigata,145
2301,14,Tokyo,543
2301,15,Niigata,223
2301,15,Tokyo,527
2301,16,Niigata,199
2301,16,Tokyo,614
2301,17,Niigata,108
2301,17,Tokyo,652
2301,18,Niigata,75
2301,18,Tokyo,566
2301,19,Niigata,87
2301,19,Tokyo,623
2301,20,Niigata,134
2301,20,Tokyo,693
2301,21,Niigata,66
2301,21,Tokyo,792
2301,22,Niigata,63
2301,22,Tokyo,810
2301,23,Niigata,66
2301,23,Tokyo,637
2301,24,Niigata,66
2301,24,Tokyo,645
2301,25,Niigata,68
2301,25,Tokyo,809
2301,26,Niigata,57
2301,26,Tokyo,800
2301,27,Niigata,60
2301,27,Tokyo,636
2301,28,Niigata,55
2301,28,Tokyo,640
2301,29,Niigata,58
2301,29,Tokyo,651
2301,30,Niigata,55
2301,30,Tokyo,599
2301,31,Niigata,48
2301,31,Tokyo,564
2301,32,Niigata,55
2301,32,Tokyo,532
2301,33,Niigata,83
2301,33,Tokyo,504
2301,34,Niigata,78
2301,34,Tokyo,547
2301,35,Niigata,69
2301,35,Tokyo,561
2301,36,Niigata,91
2301,36,Tokyo,488
2301,37,Niigata,85
2301,37,Tokyo,495
2301,38,Niigata,94
2301,38,Tokyo,497
2301,39,Niigata,72
2301,39,Tokyo,518
2301,40,Niigata,68
2301,40,Tokyo,395
2301,41,Niigata,98
2301,41,Tokyo,387
2301,42,Niigata,85
2301,42,Tokyo,406
2301,43,Niigata,129
2301,43,Tokyo,367
2301,44,Niigata,79
2301,44,Tokyo,317
2301,45,Niigata,107
2301,45,Tokyo,367
2301,46,Niigata,96
2301,46,Tokyo,368
2302,1,Niigata,401
2302,1,Tokyo,190
2302,2,Niigata,458
2302,2,Tokyo,166
2302,3,Niigata,468
2302,3,Tokyo,177
2302,4,Niigata,589
2302,4,Tokyo,165
2302,5,Niigata,651
2302,5,Tokyo,268
2302,6,Niigata,613
2302,6,Tokyo,256
2302,7,Niigata,463
2302,7,Tokyo,196
2302,8,Niigata,528
2302,8,Tokyo,146
2302,9,Niigata,530
2302,9,Tokyo,187
2302,10,Niigata,536
2302,10,Tokyo,181
2302,11,Niigata,443
2302,11,Tokyo,127
2302,12,Niigata,484
2302,12,Tokyo,170
2302,13,Niigata,428
2302,13,Tokyo,194
2302,14,Niigata,396
2302,14,Tokyo,146
2302,15,Niigata,396
2302,15,Tokyo,145
2302,16,Niigata,352
2302,16,Tokyo,241
2302,17,Niigata,352
2302,17,Tokyo,167
2302,18,Niigata,252
2302,18,Tokyo,175
2302,19,Niigata,306
2302,19,Tokyo,203
2302,20,Niigata,313
2302,20,Tokyo,434
2302,21,Niigata,341
2302,21,Tokyo,463
2302,22,Niigata,338
2302,22,Tokyo,178
2302,23,Niigata,319
2302,23,Tokyo,134
2302,24,Niigata,320
2302,24,Tokyo,143
2302,25,Niigata,316
2302,25,Tokyo,159
2302,26,Niigata,304
2302,26,Tokyo,200
2302,27,Niigata,335
2302,27,Tokyo,132
2302,28,Niigata,303
2302,28,Tokyo,86
2302,29,Niigata,330
2302,29,Tokyo,95
2302,30,Niigata,341
2302,30,Tokyo,101
2302,31,Niigata,281
2302,31,Tokyo,75
2302,32,Niigata,266
2302,32,Tokyo,111
2302,33,Niigata,225
2302,33,Tokyo,86
2302,34,Niigata,260
2302,34,Tokyo,102
2302,35,Niigata,266
2302,35,Tokyo,92
2302,36,Niigata,289
2302,36,Tokyo,82
2302,37,Niigata,397
2302,37,Tokyo,85
2302,38,Niigata,299
2302,38,Tokyo,108
2302,39,Niigata,379
2302,39,Tokyo,104
2302,40,Niigata,416
2302,40,Tokyo,92
2302,41,Niigata,416
2302,41,Tokyo,154
2302,42,Niigata,488
2302,42,Tokyo,127
2302,43,Niigata,617
2302,43,Tokyo,98
2302,44,Niigata,793
2302,44,Tokyo,107
2302,45,Niigata,925
2302,45,Tokyo,95
2302,46,Niigata,1004
2302,46,Tokyo,92
2400,1,Niigata,196
2400,1,Tokyo,355
2400,2,Niigata,260
2400,2,Tokyo,372
2400,3,Niigata,211
2400,3,Tokyo,293
2400,4,Niigata,220
2400,4,Tokyo,274
2400,5,Niigata,221
2400,5,Tokyo,262
2400,6,Niigata,200
2400,6,Tokyo,302
2400,7,Niigata,194
2400,7,Tokyo,246
2400,8,Niigata,219
2400,8,Tokyo,229
2400,9,Niigata,235
2400,9,Tokyo,218
2400,10,Niigata,211
2400,10,Tokyo,237
2400,11,Niigata,277
2400,11,Tokyo,196
2400,12,Niigata,218
2400,12,Tokyo,275
2400,13,Niigata,258
2400,13,Tokyo,247
2400,14,Niigata,264
2400,14,Tokyo,284
2400,15,Niigata,256
2400,15,Tokyo,282
2400,16,Niigata,240
2400,16,Tokyo,253
2400,17,Niigata,267
2400,17,Tokyo,297
2400,18,Niigata,297
2400,18,Tokyo,316
2400,19,Niigata,273
2400,19,Tokyo,387
2400,20,Niigata,288
2400,20,Tokyo,356
2400,21,Niigata,317
2400,21,Tokyo,337
2400,22,Niigata,354
2400,22,Tokyo,336
2400,23,Niigata,333
2400,23,Tokyo,300
2400,24,Niigata,341
2400,24,Tokyo,299
2400,25,Niigata,310
2400,25,Tokyo,280
2400,26,Niigata,384
2400,26,Tokyo,329
2400,27,Niigata,328
2400,27,Tokyo,318
2400,28,Niigata,311
2400,28,Tokyo,330
2400,29,Niigata,346
2400,29,Tokyo,338
2400,30,Niigata,370
2400,30,Tokyo,314
2400,31,Niigata,326
2400,31,Tokyo,277
2400,32,Niigata,312
2400,32,Tokyo,277
2400,33,Niigata,351
2400,33,Tokyo,289
2400,34,Niigata,379
2400,34,Tokyo,265
2400,35,Niigata,455
2400,35,Tokyo,277
2400,36,Niigata,408
2400,36,Tokyo,244
2400,37,Niigata,399
2400,37,Tokyo,285
2400,38,Niigata,415
2400,38,Tokyo,257
2400,39,Niigata,428
2400,39,Tokyo,262
2400,40,Niigata,480
2400,40,Tokyo,248
2400,41,Niigata,436
2400,41,Tokyo,315
2400,42,Niigata,434
2400,42,Tokyo,379
2400,43,Niigata,487
2400,43,Tokyo,444
2400,44,Niigata,370
2400,44,Tokyo,513
2400,45,Niigata,327
2400,45,Tokyo,502
2400,46,Niigata,449
2400,46,Tokyo,550
2401,1,Niigata,28
2401,1,Tokyo,2989
2401,2,Niigata,44
2401,2,Tokyo,3371
2401,3,Niigata,42
2401,3,Tokyo,4206
2401,4,Niigata,64
2401,4,Tokyo,4712
2401,5,Niigata,56
2401,5,Tokyo,5428
2401,6,Niigata,62
2401,6,Tokyo,5183
2401,7,Niigata,39
2401,7,Tokyo,6227
2401,8,Niigata,58
2401,8,Tokyo,5759
2401,9,Niigata,64
2401,9,Tokyo,7064
2401,10,Niigata,81
2401,10,Tokyo,6492
2401,11,Niigata,125
2401,11,Tokyo,6312
2401,12,Niigata,78
2401,12,Tokyo,6230
2401,13,Niigata,72
2401,13,Tokyo,6170
2401,14,Niigata,76
2401,14,Tokyo,5356
2401,15,Niigata,54
2401,15,Tokyo,5524
2401,16,Niigata,63
2401,16,Tokyo,6475
2401,17,Niigata,36
2401,17,Tokyo,6624
2401,18,Niigata,36
2401,18,Tokyo,5753
2401,19,Niigata,42
2401,19,Tokyo,5594
2401,20,Niigata,40
2401,20,Tokyo,7299
2401,21,Niigata,34
2401,21,Tokyo,5563
2401,22,Niigata,42
2401,22,Tokyo,5956
2401,23,Niigata,40
2401,23,Tokyo,5851
2401,24,Niigata,49
2401,24,Tokyo,5874
2401,25,Niigata,40
2401,25,Tokyo,5526
2401,26,Niigata,27
2401,26,Tokyo,6038
2401,27,Niigata,52
2401,27,Tokyo,6114
2401,28,Niigata,40
2401,28,Tokyo,5973
2401,29,Niigata,50
2401,29,Tokyo,6114
2401,30,Niigata,62
2401,30,Tokyo,5726
2401,31,Niigata,47
2401,31,Tokyo,5597
2401,32,Niigata,50
2401,32,Tokyo,5189
2401,33,Niigata,52
2401,33,Tokyo,4658
2401,34,Niigata,48
2401,34,Tokyo,4778
2401,35,Niigata,32
2401,35,Tokyo,5377
2401,36,Niigata,52
2401,36,Tokyo,5517
2401,37,Niigata,54
2401,37,Tokyo,4940
2401,38,Niigata,62
2401,38,Tokyo,5731
2401,39,Niigata,46
2401,39,Tokyo,5876
2401,40,Niigata,49
2401,40,Tokyo,6854
2401,41,Niigata,66
2401,41,Tokyo,5553
2401,42,Niigata,72
2401,42,Tokyo,5365
2401,43,Niigata,61
2401,43,Tokyo,5933
2401,44,Niigata,70
2401,44,Tokyo,5266
2401,45,Niigata,64
2401,45,Tokyo,5460
2401,46,Niigata,62
2401,46,Tokyo,5763
2900,1,Niigata,6
2900,1,Tokyo,17
2900,2,Niigata,12
2900,2,Tokyo,23
2900,3,Niigata,14
2900,3,Tokyo,24
2900,4,Niigata,13
2900,4,Tokyo,17
2900,5,Niigata,9
2900,5,Tokyo,26
2900,6,Niigata,11
2900,6,Tokyo,27
2900,7,Niigata,10
2900,7,Tokyo,22
2900,8,Niigata,10
2900,8,Tokyo,14
2900,9,Niigata,11
2900,9,Tokyo,19
2900,10,Niigata,8
2900,10,Tokyo,18
2900,11,Niigata,15
2900,11,Tokyo,25
2900,12,Niigata,8
2900,12,Tokyo,25
2900,13,Niigata,6
2900,13,Tokyo,25
2900,14,Niigata,11
2900,14,Tokyo,23
2900,15,Niigata,8
2900,15,Tokyo,21
2900,16,Niigata,9
2900,16,Tokyo,17
2900,17,Niigata,11
2900,17,Tokyo,18
2900,18,Niigata,6
2900,18,Tokyo,11
2900,19,Niigata,10
2900,19,Tokyo,30
2900,20,Niigata,8
2900,20,Tokyo,11
2900,21,Niigata,9
2900,21,Tokyo,17
2900,22,Niigata,13
2900,22,Tokyo,12
2900,23,Niigata,11
2900,23,Tokyo,16
2900,24,Niigata,15
2900,24,Tokyo,13
2900,25,Niigata,9
2900,25,Tokyo,18
2900,26,Niigata,14
2900,26,Tokyo,13
2900,27,Niigata,18
2900,27,Tokyo,19
2900,28,Niigata,7
2900,28,Tokyo,10
2900,29,Niigata,8
2900,29,Tokyo,13
2900,30,Niigata,6
2900,30,Tokyo,9
2900,31,Niigata,13
2900,31,Tokyo,8
2900,32,Niigata,11
2900,32,Tokyo,9
2900,33,Niigata,5
2900,33,Tokyo,12
2900,34,Niigata,7
2900,34,Tokyo,14
2900,35,Niigata,10
2900,35,Tokyo,10
2900,36,Niigata,12
2900,36,Tokyo,6
2900,37,Niigata,8
2900,37,Tokyo,8
2900,38,Niigata,16
2900,38,Tokyo,8
2900,39,Niigata,10
2900,39,Tokyo,5
2900,40,Niigata,13
2900,40,Tokyo,5
2900,41,Niigata,19
2900,41,Tokyo,12
2900,42,Niigata,20
2900,42,Tokyo,5
2900,43,Niigata,17
2900,43,Tokyo,4
2900,44,Niigata,22
2900,44,Tokyo,9
2900,45,Niigata,9
2900,45,Tokyo,1
2900,46,Niigata,40
2900,46,Tokyo,5
2901,1,Niigata,1
2901,2,Niigata,5
2901,3,Niigata,2
2901,4,Niigata,2
2901,6,Niigata,1
2901,7,Niigata,2
2901,8,Niigata,2
2901,9,Niigata,3
2901,10,Niigata,1
2901,11,Niigata,1
2901,12,Niigata,1
2901,13,Niigata,1
2901,15,Niigata,2
2901,16,Niigata,2
2901,17,Niigata,4
2901,18,Niigata,4
2901,20,Niigata,4
2901,21,Niigata,6
2901,22,Niigata,2
2901,23,Niigata,2
2901,24,Niigata,3
2901,25,Niigata,2
2901,26,Niigata,5
2901,27,Niigata,1
2901,28,Niigata,1
2901,29,Niigata,1
2902,1,Niigata,392
2902,2,Niigata,483
2902,3,Niigata,556
2902,4,Niigata,1336
2902,5,Niigata,801
2902,6,Niigata,2732
2902,7,Niigata,2512
2902,8,Niigata,759
2902,9,Niigata,784
2902,10,Niigata,574
2902,11,Niigata,647
2902,12,Niigata,473
2902,13,Niigata,491
2902,14,Niigata,485
2902,15,Niigata,1935
2902,16,Niigata,895
2902,17,Niigata,468
2902,18,Niigata,726
2902,19,Niigata,467
2902,20,Niigata,529
2902,21,Niigata,410
2902,22,Niigata,381
2902,23,Niigata,624
2902,24,Niigata,253
2902,25,Niigata,2767
2902,26,Niigata,1320
2902,27,Niigata,362
2902,28,Niigata,1631
2902,29,Niigata,1404
2902,30,Niigata,1499
2902,31,Niigata,1836
2902,32,Niigata,834
2902,33,Niigata,547
2902,34,Niigata,735
2902,35,Niigata,642
2902,36,Niigata,761
2902,37,Niigata,893
2902,38,Niigata,764
2902,39,Niigata,531
2902,40,Niigata,955
2902,41,Niigata,591
2902,42,Niigata,464
2902,43,Niigata,478
2902,44,Niigata,1013
2902,45,Niigata,653
2902,46,Niigata,330
2903,1,Niigata,106
2903,1,Tokyo,2
2903,2,Niigata,134
2903,2,Tokyo,2
2903,3,Niigata,144
2903,3,Tokyo,1
2903,4,Niigata,124
2903,4,Tokyo,1
2903,5,Niigata,112
2903,6,Niigata,124
2903,6,Tokyo,1
2903,7,Niigata,108
2903,7,Tokyo,2
2903,8,Niigata,133
2903,9,Niigata,148
2903,10,Niigata,143
2903,10,Tokyo,1
2903,11,Niigata,187
2903,12,Niigata,177
2903,12,Tokyo,1
2903,13,Niigata,208
2903,14,Niigata,225
2903,15,Niigata,228
2903,15,Tokyo,1
2903,16,Niigata,206
2903,17,Niigata,226
2903,18,Niigata,156
2903,19,Niigata,212
2903,19,Tokyo,1
2903,20,Niigata,193
2903,20,Tokyo,1
2903,21,Niigata,173
2903,22,Niigata,191
2903,23,Niigata,161
2903,24,Niigata,195
2903,25,Niigata,177
2903,26,Niigata,174
2903,27,Niigata,172
2903,28,Niigata,236
2903,28,Tokyo,1
2903,29,Niigata,186
2903,30,Niigata,171
2903,31,Niigata,226
2903,31,Tokyo,1
2903,32,Niigata,140
2903,33,Niigata,164
2903,34,Niigata,185
2903,35,Niigata,146
2903,35,Tokyo,1
2903,36,Niigata,171
2903,36,Tokyo,1
2903,37,Niigata,167
2903,37,Tokyo,1
2903,38,Niigata,165
2903,38,Tokyo,1
2903,39,Niigata,170
2903,40,Niigata,208
2903,41,Niigata,175
2903,42,Niigata,175
2903,43,Niigata,145
2903,44,Niigata,166
2903,45,Niigata,190
2903,46,Niigata,188
2904,1,Niigata,10
2904,2,Niigata,8
2904,3,Niigata,9
2904,4,Niigata,11
2904,5,Niigata,9
2904,6,Niigata,4
2904,7,Niigata,14
2904,8,Niigata,11
2904,9,Niigata,5
2904,10,Niigata,9
2904,11,Niigata,9
2904,12,Niigata,11
2904,13,Niigata,10
2904,14,Niigata,7
2904,15,Niigata,7
2904,16,Niigata,4
2904,17,Niigata,6
2904,18,Niigata,10
2904,19,Niigata,9
2904,20,Niigata,5
2904,21,Niigata,4
2904,22,Niigata,7
2904,23,Niigata,5
2904,24,Niigata,6
2904,25,Niigata,5
2904,26,Niigata,7
2904,27,Niigata,6
2904,28,Niigata,9
2904,29,Niigata,7
2904,30,Niigata,4
2904,31,Niigata,4
2904,32,Niigata,9
2904,33,Niigata,8
2904,34,Niigata,7
2904,35,Niigata,7
2904,36,Niigata,8
2904,37,Niigata,11
2904,38,Niigata,3
2904,39,Niigata,8
2904,40,Niigata,11
2904,41,Niigata,5
2904,42,Niigata,7
2904,43,Niigata,16
2904,44,Niigata,8
2904,45,Niigata,4
2904,46,Niigata,6
2999,1,Niigata,230
2999,1,Tokyo,1
2999,2,Niigata,257
2999,2,Tokyo,4
2999,3,Niigata,227
2999,3,Tokyo,7
2999,4,Niigata,195
2999,4,Tokyo,3
2999,5,Niigata,149
2999,5,Tokyo,3
2999,6,Niigata,130
2999,6,Tokyo,3
2999,7,Niigata,102
2999,7,Tokyo,4
2999,8,Niigata,116
2999,8,Tokyo,4
2999,9,Niigata,141
2999,9,Tokyo,4
2999,10,Niigata,140
2999,10,Tokyo,2
2999,11,Niigata,106
2999,11,Tokyo,4
2999,12,Niigata,106
2999,12,Tokyo,6
2999,13,Niigata,128
2999,13,Tokyo,3
2999,14,Niigata,125
2999,15,Niigata,130
2999,15,Tokyo,4
2999,16,Niigata,148
2999,16,Tokyo,1
2999,17,Niigata,134
2999,17,Tokyo,3
2999,18,Niigata,104
2999,19,Niigata,149
2999,19,Tokyo,1
2999,20,Niigata,144
2999,20,Tokyo,5
2999,21,Niigata,165
2999,22,Niigata,96
2999,22,Tokyo,5
2999,23,Niigata,144
2999,23,Tokyo,4
2999,24,Niigata,70
2999,24,Tokyo,3
2999,25,Niigata,108
2999,25,Tokyo,1
2999,26,Niigata,109
2999,26,Tokyo,2
2999,27,Niigata,112
2999,27,Tokyo,6
2999,28,Niigata,128
2999,28,Tokyo,5
2999,29,Niigata,135
2999,29,Tokyo,4
2999,30,Niigata,109
2999,30,Tokyo,1
2999,31,Niigata,93
2999,31,Tokyo,4
2999,32,Niigata,71
2999,32,Tokyo,3
2999,33,Niigata,88
2999,33,Tokyo,3
2999,34,Niigata,64
2999,34,Tokyo,5
2999,35,Niigata,54
2999,35,Tokyo,3
2999,36,Niigata,98
2999,36,Tokyo,1
2999,37,Niigata,197
2999,37,Tokyo,1
2999,38,Niigata,84
2999,38,Tokyo,4
2999,39,Niigata,88
2999,39,Tokyo,3
2999,40,Niigata,98
2999,41,Niigata,93
2999,41,Tokyo,3
2999,42,Niigata,64
2999,43,Niigata,84
2999,43,Tokyo,3
2999,44,Niigata,95
2999,45,Niigata,107
2999,45,Tokyo,2
2999,46,Niigata,87
2999,46,Tokyo,4
3000,1,Niigata,115
3000,2,Niigata,148
3000,3,Niigata,133
3000,4,Niigata,167
3000,5,Niigata,140
3000,6,Niigata,120
3000,7,Niigata,131
3000,8,Niigata,122
3000,9,Niigata,106
3000,10,Niigata,103
3000,11,Niigata,136
3000,12,Niigata,142
3000,13,Niigata,250
3000,14,Niigata,202
3000,15,Niigata,147
3000,16,Niigata,180
3000,17,Niigata,193
3000,18,Niigata,225
3000,19,Niigata,285
3000,20,Niigata,251
3000,21,Niigata,279
3000,22,Niigata,317
3000,23,Niigata,329
3000,24,Niigata,305
3000,25,Niigata,328
3000,26,Niigata,302
3000,27,Niigata,317
3000,28,Niigata,310
3000,29,Niigata,373
3000,30,Niigata,354
3000,31,Niigata,379
3000,32,Niigata,294
3000,33,Niigata,327
3000,34,Niigata,289
3000,35,Niigata,317
3000,36,Niigata,301
3000,37,Niigata,390
3000,38,Niigata,389
3000,39,Niigata,447
3000,40,Niigata,363
3000,41,Niigata,499
3000,42,Niigata,394
3000,43,Niigata,406
3000,44,Niigata,406
3000,45,Niigata,316
3000,46,Niigata,373
3099,1,Niigata,1606
3099,1,Tokyo,117
3099,2,Niigata,1023
3099,2,Tokyo,217
3099,3,Niigata,1281
3099,3,Tokyo,537
3099,4,Niigata,1098
3099,4,Tokyo,787
3099,5,Niigata,875
3099,5,Tokyo,412
3099,6,Niigata,719
3099,6,Tokyo,776
3099,7,Niigata,1272
3099,7,Tokyo,980
3099,8,Niigata,1351
3099,8,Tokyo,744
3099,9,Niigata,751
3099,9,Tokyo,597
3099,10,Niigata,677
3099,10,Tokyo,721
3099,11,Niigata,1013
3099,11,Tokyo,632
3099,12,Niigata,2367
3099,12,Tokyo,483
3099,13,Niigata,1090
3099,13,Tokyo,235
3099,14,Niigata,505
3099,14,Tokyo,187
3099,15,Niigata,366
3099,15,Tokyo,141
3099,16,Niigata,297
3099,16,Tokyo,94
3099,17,Niigata,280
3099,17,Tokyo,123
3099,18,Niigata,387
3099,18,Tokyo,137
3099,19,Niigata,261
3099,19,Tokyo,172
3099,20,Niigata,326
3099,20,Tokyo,141
3099,21,Niigata,352
3099,21,Tokyo,65
3099,22,Niigata,358
3099,22,Tokyo,55
3099,23,Niigata,317
3099,23,Tokyo,88
3099,24,Niigata,317
3099,24,Tokyo,127
3099,25,Niigata,440
3099,25,Tokyo,96
3099,26,Niigata,705
3099,26,Tokyo,89
3099,27,Niigata,808
3099,27,Tokyo,82
3099,28,Niigata,767
3099,28,Tokyo,89
3099,29,Niigata,630
3099,29,Tokyo,185
3099,30,Niigata,465
3099,30,Tokyo,401
3099,31,Niigata,359
3099,31,Tokyo,230
3099,32,Niigata,340
3099,32,Tokyo,119
3099,33,Niigata,275
3099,33,Tokyo,122
3099,34,Niigata,386
3099,34,Tokyo,85
3099,35,Niigata,296
3099,35,Tokyo,98
3099,36,Niigata,284
3099,36,Tokyo,86
3099,37,Niigata,242
3099,37,Tokyo,75
3099,38,Niigata,301
3099,38,Tokyo,32
3099,39,Niigata,322
3099,39,Tokyo,13
3099,40,Niigata,287
3099,40,Tokyo,10
3099,41,Niigata,275
3099,41,Tokyo,52
3099,42,Niigata,263
3099,42,Tokyo,39
3099,43,Niigata,232
3099,43,Tokyo,22
3099,44,Niigata,227
3099,44,Tokyo,45
3099,45,Niigata,179
3099,45,Tokyo,90
3099,46,Niigata,180
3099,46,Tokyo,144
3100,1,Niigata,1
3100,1,Tokyo,77
3100,2,Niigata,2
3100,2,Tokyo,68
3100,3,Niigata,3
3100,3,Tokyo,57
3100,4,Niigata,1
3100,4,Tokyo,78
3100,5,Niigata,3
3100,5,Tokyo,78
3100,6,Niigata,3
3100,6,Tokyo,78
3100,7,Niigata,1
3100,7,Tokyo,54
3100,8,Niigata,2
3100,8,Tokyo,51
3100,9,Niigata,1
3100,9,Tokyo,81
3100,10,Niigata,1
3100,10,Tokyo,73
3100,11,Niigata,2
3100,11,Tokyo,65
3100,12,Niigata,1
3100,12,Tokyo,87
3100,13,Niigata,1
3100,13,Tokyo,77
3100,14,Niigata,3
3100,14,Tokyo,61
3100,15,Niigata,2
3100,15,Tokyo,49
3100,16,Niigata,1
3100,16,Tokyo,55
3100,17,Tokyo,45
3100,18,Tokyo,86
3100,19,Tokyo,83
3100,20,Niigata,2
3100,20,Tokyo,74
3100,21,Tokyo,41
3100,22,Tokyo,82
3100,23,Niigata,1
3100,23,Tokyo,66
3100,24,Niigata,2
3100,24,Tokyo,81
3100,25,Niigata,3
3100,25,Tokyo,93
3100,26,Tokyo,114
3100,27,Niigata,2
3100,27,Tokyo,101
3100,28,Niigata,5
3100,28,Tokyo,85
3100,29,Niigata,8
3100,29,Tokyo,74
3100,30,Niigata,6
3100,30,Tokyo,64
3100,31,Niigata,12
3100,31,Tokyo,84
3100,32,Niigata,14
3100,32,Tokyo,74
3100,33,Niigata,9
3100,33,Tokyo,91
3100,34,Niigata,7
3100,34,Tokyo,70
3100,35,Niigata,4
3100,35,Tokyo,54
3100,36,Niigata,5
3100,36,Tokyo,95
3100,37,Niigata,3
3100,37,Tokyo,79
3100,38,Niigata,4
3100,38,Tokyo,83
3100,39,Tokyo,55
3100,40,Niigata,3
3100,40,Tokyo,62
3100,41,Niigata,5
3100,41,Tokyo,66
3100,42,Niigata,2
3100,42,Tokyo,52
3100,43,Niigata,6
3100,43,Tokyo,49
3100,44,Niigata,4
3100,44,Tokyo,47
3100,45,Niigata,6
3100,45,Tokyo,60
3100,46,Niigata,3
3100,46,Tokyo,52
3101,1,Niigata,23
3101,2,Niigata,2
3101,3,Niigata,4
3101,4,Niigata,4
3101,5,Niigata,6
3101,6,Niigata,1
3101,7,Niigata,3
3101,8,Niigata,4
3101,9,Niigata,5
3101,10,Niigata,1
3101,12,Niigata,2
3101,13,Niigata,3
3101,14,Niigata,3
3101,15,Niigata,2
3101,16,Niigata,1
3101,18,Niigata,4
3101,19,Niigata,4
3101,20,Niigata,3
3101,21,Niigata,2
3101,22,Niigata,1
3101,23,Niigata,3
3101,24,Niigata,3
3101,25,Niigata,2
3101,26,Niigata,3
3101,27,Niigata,1
3101,30,Niigata,5
3101,31,Niigata,2
3101,32,Niigata,3
3101,33,Niigata,1
3101,34,Niigata,1
3101,36,Niigata,1
3101,37,Niigata,1
3101,38,Niigata,2
3101,41,Niigata,1
3101,42,Niigata,1
3101,44,Niigata,2
3101,45,Niigata,1
3102,1,Niigata,50
3102,1,Tokyo,64
3102,2,Niigata,46
3102,2,Tokyo,16
3102,3,Niigata,16
3102,3,Tokyo,25
3102,4,Niigata,1
3102,4,Tokyo,13
3102,5,Tokyo,25
3102,6,Niigata,1
3102,6,Tokyo,25
3102,7,Niigata,1
3102,7,Tokyo,32
3102,8,Tokyo,38
3102,9,Niigata,2
3102,9,Tokyo,65
3102,10,Tokyo,69
3102,11,Tokyo,111
3102,12,Niigata,1
3102,12,Tokyo,107
3102,13,Niigata,4
3102,13,Tokyo,106
3102,14,Niigata,5
3102,14,Tokyo,61
3102,15,Niigata,2
3102,15,Tokyo,46
3102,16,Niigata,4
3102,16,Tokyo,54
3102,17,Niigata,1
3102,17,Tokyo,56
3102,18,Niigata,2
3102,18,Tokyo,219
3102,19,Tokyo,20
3102,20,Niigata,4
3102,20,Tokyo,31
3102,21,Niigata,1
3102,21,Tokyo,32
3102,22,Niigata,5
3102,22,Tokyo,38
3102,23,Niigata,4
3102,23,Tokyo,39
3102,24,Niigata,3
3102,24,Tokyo,47
3102,25,Niigata,4
3102,25,Tokyo,48
3102,26,Niigata,1
3102,26,Tokyo,45
3102,27,Niigata,4
3102,27,Tokyo,52
3102,28,Niigata,4
3102,28,Tokyo,48
3102,29,Niigata,3
3102,29,Tokyo,51
3102,30,Tokyo,68
3102,31,Niigata,5
3102,31,Tokyo,105
3102,32,Niigata,1
3102,32,Tokyo,175
3102,33,Niigata,3
3102,33,Tokyo,172
3102,34,Niigata,3
3102,34,Tokyo,88
3102,35,Niigata,4
3102,35,Tokyo,51
3102,36,Niigata,1
3102,36,Tokyo,31
3102,37,Niigata,4
3102,37,Tokyo,30
3102,38,Niigata,2
3102,38,Tokyo,38
3102,39,Niigata,2
3102,39,Tokyo,27
3102,40,Niigata,3
3102,40,Tokyo,43
3102,41,Niigata,1
3102,41,Tokyo,36
3102,42,Tokyo,21
3102,43,Niigata,2
3102,43,Tokyo,24
3102,44,Niigata,2
3102,44,Tokyo,46
3102,45,Niigata,3
3102,45,Tokyo,29
3102,46,Niigata,1
3102,46,Tokyo,58
3104,1,Niigata,25
3104,1,Tokyo,22
3104,2,Niigata,31
3104,2,Tokyo,21
3104,3,Niigata,22
3104,3,Tokyo,18
3104,4,Niigata,17
3104,4,Tokyo,14
3104,5,Niigata,31
3104,5,Tokyo,30
3104,6,Niigata,19
3104,6,Tokyo,23
3104,7,Niigata,24
3104,7,Tokyo,19
3104,8,Niigata,15
3104,8,Tokyo,26
3104,9,Niigata,22
3104,9,Tokyo,33
3104,10,Niigata,29
3104,10,Tokyo,32
3104,11,Niigata,17
3104,11,Tokyo,29
3104,12,Niigata,37
3104,12,Tokyo,15
3104,13,Niigata,35
3104,13,Tokyo,28
3104,14,Niigata,28
3104,14,Tokyo,19
3104,15,Niigata,17
3104,15,Tokyo,17
3104,16,Niigata,17
3104,16,Tokyo,24
3104,17,Niigata,21
3104,17,Tokyo,8
3104,18,Niigata,26
3104,18,Tokyo,22
3104,19,Niigata,17
3104,19,Tokyo,15
3104,20,Niigata,13
3104,20,Tokyo,17
3104,21,Niigata,10
3104,21,Tokyo,14
3104,22,Niigata,18
3104,22,Tokyo,15
3104,23,Niigata,20
3104,23,Tokyo,12
3104,24,Niigata,20
3104,24,Tokyo,17
3104,25,Niigata,13
3104,25,Tokyo,20
3104,26,Niigata,18
3104,26,Tokyo,19
3104,27,Niigata,27
3104,27,Tokyo,21
3104,28,Niigata,14
3104,28,Tokyo,12
3104,29,Niigata,22
3104,29,Tokyo,13
3104,30,Niigata,17
3104,30,Tokyo,15
3104,31,Niigata,19
3104,31,Tokyo,8
3104,32,Niigata,9
3104,32,Tokyo,9
3104,33,Niigata,10
3104,33,Tokyo,12
3104,34,Niigata,17
3104,34,Tokyo,6
3104,35,Niigata,7
3104,35,Tokyo,8
3104,36,Niigata,11
3104,36,Tokyo,10
3104,37,Niigata,7
3104,37,Tokyo,6
3104,38,Niigata,10
3104,38,Tokyo,8
3104,39,Niigata,12
3104,39,Tokyo,13
3104,40,Niigata,12
3104,40,Tokyo,8
3104,41,Niigata,13
3104,41,Tokyo,5
3104,42,Niigata,13
3104,42,Tokyo,5
3104,43,Niigata,9
3104,43,Tokyo,6
3104,44,Niigata,10
3104,44,Tokyo,13
3104,45,Niigata,12
3104,45,Tokyo,6
3104,46,Niigata,8
3104,46,Tokyo,5
3105,2,Niigata,1
3107,3,Niigata,1
3107,3,Tokyo,1
3107,7,Tokyo,1
3107,10,Niigata,4
3107,16,Tokyo,2
3107,21,Tokyo,1
3107,39,Tokyo,1
3108,1,Niigata,2
3108,2,Niigata,2
3108,3,Niigata,3
3108,4,Niigata,1
3108,5,Niigata,3
3108,6,Niigata,1
3108,9,Niigata,2
3108,10,Niigata,7
3108,11,Niigata,8
3108,12,Niigata,7
3108,13,Niigata,4
3108,14,Niigata,7
3108,15,Niigata,4
3108,16,Niigata,4
3108,17,Niigata,1
3108,18,Niigata,2
3108,20,Niigata,3
3108,21,Niigata,8
3108,23,Niigata,1
3108,24,Niigata,4
3108,25,Niigata,3
3108,26,Niigata,1
3108,28,Niigata,1
3108,29,Niigata,1
3108,30,Niigata,1
3108,31,Niigata,7
3108,33,Niigata,1
3108,36,Niigata,3
3108,37,Niigata,2
3108,38,Niigata,4
3108,39,Niigata,2
3108,40,Niigata,1
3108,44,Niigata,1
3108,46,Niigata,6
3109,1,Niigata,82
3109,1,Tokyo,8
3109,2,Niigata,66
3109,2,Tokyo,2
3109,3,Niigata,46
3109,3,Tokyo,1
3109,4,Niigata,49
3109,4,Tokyo,3
3109,5,Niigata,66
3109,5,Tokyo,1
3109,6,Niigata,47
3109,6,Tokyo,4
3109,7,Niigata,46
3109,8,Niigata,35
3109,8,Tokyo,1
3109,9,Niigata,38
3109,9,Tokyo,2
3109,10,Niigata,40
3109,11,Niigata,34
3109,12,Niigata,28
3109,12,Tokyo,2
3109,13,Niigata,36
3109,13,Tokyo,2
3109,14,Niigata,38
3109,15,Niigata,27
3109,16,Niigata,36
3109,17,Niigata,28
3109,17,Tokyo,1
3109,18,Niigata,50
3109,19,Niigata,32
3109,19,Tokyo,3
3109,20,Niigata,36
3109,21,Niigata,28
3109,21,Tokyo,1
3109,22,Niigata,53
3109,23,Niigata,36
3109,24,Niigata,29
3109,24,Tokyo,1
3109,25,Niigata,36
3109,25,Tokyo,1
3109,26,Niigata,38
3109,26,Tokyo,1
3109,27,Niigata,46
3109,27,Tokyo,1
3109,28,Niigata,26
3109,29,Niigata,38
3109,29,Tokyo,2
3109,30,Niigata,34
3109,30,Tokyo,1
3109,31,Niigata,52
3109,32,Niigata,46
3109,33,Niigata,30
3109,34,Niigata,29
3109,35,Niigata,39
3109,35,Tokyo,1
3109,36,Niigata,19
3109,37,Niigata,19
3109,37,Tokyo,1
3109,38,Niigata,24
3109,39,Niigata,28
3109,40,Niigata,24
3109,40,Tokyo,1
3109,41,Niigata,27
3109,42,Niigata,15
3109,43,Niigata,22
3109,44,Niigata,27
3109,45,Niigata,9
3109,45,Tokyo,1
3109,46,Niigata,16
3110,1,Niigata,81
3110,2,Niigata,61
3110,3,Niigata,60
3110,4,Niigata,41
3110,5,Niigata,50
3110,6,Niigata,43
3110,7,Niigata,42
3110,8,Niigata,46
3110,9,Niigata,57
3110,10,Niigata,49
3110,11,Niigata,36
3110,12,Niigata,45
3110,13,Niigata,50
3110,14,Niigata,51
3110,15,Niigata,49
3110,16,Niigata,43
3110,17,Niigata,44
3110,18,Niigata,97
3110,19,Niigata,71
3110,20,Niigata,68
3110,21,Niigata,71
3110,22,Niigata,60
3110,23,Niigata,57
3110,24,Niigata,42
3110,25,Niigata,43
3110,26,Niigata,50
3110,27,Niigata,66
3110,28,Niigata,37
3110,29,Niigata,32
3110,30,Niigata,42
3110,31,Niigata,49
3110,32,Niigata,32
3110,33,Niigata,33
3110,34,Niigata,27
3110,35,Niigata,19
3110,36,Niigata,33
3110,37,Niigata,36
3110,38,Niigata,28
3110,39,Niigata,28
3110,40,Niigata,28
3110,41,Niigata,32
3110,42,Niigata,31
3110,43,Niigata,27
3110,44,Niigata,35
3110,45,Niigata,97
3110,46,Niigata,101
3199,1,Niigata,2
3199,2,Niigata,1
3199,3,Niigata,2
3199,7,Niigata,1
3199,8,Niigata,1
3199,9,Niigata,1
3199,10,Niigata,2
3199,11,Niigata,1
3199,11,Tokyo,122
3199,12,Tokyo,705
3199,13,Tokyo,303
3199,14,Niigata,1
3199,14,Tokyo,152
3199,15,Niigata,2
3199,15,Tokyo,116
3199,16,Tokyo,80
3199,17,Niigata,1
3199,17,Tokyo,5
3199,18,Niigata,1
3199,18,Tokyo,300
3199,19,Tokyo,100
3199,20,Tokyo,2
3199,21,Tokyo,6
3199,22,Tokyo,6
3199,23,Tokyo,3
3199,24,Tokyo,21
3199,25,Niigata,1
3199,25,Tokyo,2
3199,26,Niigata,3
3199,26,Tokyo,4
3199,27,Tokyo,1
3199,28,Tokyo,1
3199,29,Tokyo,2
3199,30,Tokyo,1
3199,31,Tokyo,4
3199,32,Niigata,1
3199,32,Tokyo,1
3199,33,Niigata,1
3199,33,Tokyo,3
3199,35,Tokyo,1
3199,36,Tokyo,1
3199,40,Niigata,1
3199,41,Niigata,4
3199,41,Tokyo,2
3199,42,Tokyo,1
3199,43,Tokyo,2
3199,44,Niigata,1
3199,45,Tokyo,4
3199,46,Tokyo,5
3200,1,Niigata,9
3200,1,Tokyo,4991
3200,2,Niigata,16
3200,2,Tokyo,4702
3200,3,Niigata,36
3200,3,Tokyo,4453
3200,4,Niigata,76
3200,4,Tokyo,4453
3200,5,Niigata,52
3200,5,Tokyo,4503
3200,6,Niigata,7
3200,6,Tokyo,4583
3200,7,Niigata,4
3200,7,Tokyo,4765
3200,8,Niigata,2
3200,8,Tokyo,4846
3200,9,Niigata,5
3200,9,Tokyo,4551
3200,10,Niigata,1
3200,10,Tokyo,4402
3200,11,Niigata,3
3200,11,Tokyo,4281
3200,12,Niigata,4
3200,12,Tokyo,3892
3200,13,Niigata,1
3200,13,Tokyo,3857
3200,14,Niigata,4
3200,14,Tokyo,4311
3200,15,Niigata,3
3200,15,Tokyo,4048
3200,16,Niigata,2
3200,16,Tokyo,3749
3200,17,Tokyo,3936
3200,18,Tokyo,4847
3200,19,Tokyo,4244
3200,20,Niigata,2
3200,20,Tokyo,4692
3200,21,Niigata,4
3200,21,Tokyo,4130
3200,22,Niigata,3
3200,22,Tokyo,4137
3200,23,Niigata,3
3200,23,Tokyo,3755
3200,24,Niigata,7
3200,24,Tokyo,2897
3200,25,Niigata,2
3200,25,Tokyo,2658
3200,26,Niigata,3
3200,26,Tokyo,2482
3200,27,Niigata,3
3200,27,Tokyo,2675
3200,28,Niigata,2
3200,28,Tokyo,2624
3200,29,Niigata,4
3200,29,Tokyo,2982
3200,30,Niigata,18
3200,30,Tokyo,2878
3200,31,Niigata,19
3200,31,Tokyo,2629
3200,32,Niigata,8
3200,32,Tokyo,2909
3200,33,Niigata,9
3200,33,Tokyo,3236
3200,34,Niigata,7
3200,34,Tokyo,2935
3200,35,Niigata,11
3200,35,Tokyo,3020
3200,36,Niigata,8
3200,36,Tokyo,2806
3200,37,Niigata,2
3200,37,Tokyo,2966
3200,38,Niigata,5
3200,38,Tokyo,2911
3200,39,Niigata,2
3200,39,Tokyo,2548
3200,40,Niigata,5
3200,40,Tokyo,2471
3200,41,Niigata,3
3200,41,Tokyo,3183
3200,42,Niigata,7
3200,42,Tokyo,3405
3200,43,Niigata,8
3200,43,Tokyo,3264
3200,44,Niigata,3
3200,44,Tokyo,3908
3200,45,Niigata,3
3200,45,Tokyo,3628
3200,46,Niigata,2
3200,46,Tokyo,3395
3201,1,Tokyo,2870
3201,2,Tokyo,2703
3201,3,Tokyo,2133
3201,4,Tokyo,2132
3201,5,Tokyo,2225
3201,6,Tokyo,2349
3201,7,Tokyo,2324
3201,8,Tokyo,2234
3201,9,Tokyo,2126
3201,10,Tokyo,2099
3201,11,Tokyo,2112
3201,12,Tokyo,1896
3201,13,Tokyo,1687
3201,14,Tokyo,2073
3201,15,Tokyo,1734
3201,16,Tokyo,1766
3201,17,Tokyo,1679
3201,18,Tokyo,1736
3201,19,Tokyo,1382
3201,20,Tokyo,1423
3201,21,Tokyo,1287
3201,22,Tokyo,1269
3201,23,Tokyo,1366
3201,24,Tokyo,1069
3201,25,Tokyo,835
3201,26,Tokyo,779
3201,27,Tokyo,804
3201,28,Tokyo,1878
3201,29,Tokyo,1117
3201,30,Tokyo,1076
3201,31,Tokyo,1019
3201,32,Tokyo,1052
3201,33,Tokyo,961
3201,34,Tokyo,896
3201,35,Tokyo,771
3201,36,Tokyo,733
3201,37,Tokyo,760
3201,38,Tokyo,726
3201,39,Tokyo,580
3201,40,Tokyo,561
3201,41,Tokyo,600
3201,42,Tokyo,640
3201,43,Tokyo,718
3201,44,Tokyo,628
3201,45,Tokyo,608
3201,46,Tokyo,564
3202,1,Tokyo,382
3202,2,Tokyo,324
3202,3,Tokyo,288
3202,4,Tokyo,282
3202,5,Tokyo,300
3202,6,Tokyo,246
3202,7,Tokyo,278
3202,8,Tokyo,296
3202,9,Tokyo,240
3202,10,Tokyo,302
3202,11,Tokyo,189
3202,12,Tokyo,203
3202,13,Tokyo,223
3202,14,Tokyo,245
3202,15,Tokyo,215
3202,16,Tokyo,224
3202,17,Tokyo,249
3202,18,Tokyo,414
3202,19,Tokyo,291
3202,20,Tokyo,252
3202,21,Tokyo,257
3202,22,Tokyo,221
3202,23,Tokyo,207
3202,24,Tokyo,229
3202,25,Tokyo,207
3202,26,Tokyo,221
3202,27,Tokyo,209
3202,28,Tokyo,192
3202,29,Tokyo,227
3202,30,Tokyo,232
3202,31,Tokyo,196
3202,32,Tokyo,283
3202,33,Tokyo,310
3202,34,Tokyo,257
3202,35,Tokyo,277
3202,36,Tokyo,294
3202,37,Tokyo,292
3202,38,Tokyo,288
3202,39,Tokyo,234
3202,40,Tokyo,237
3202,41,Tokyo,251
3202,42,Tokyo,286
3202,43,Tokyo,255
3202,44,Tokyo,303
3202,45,Tokyo,311
3202,46,Tokyo,280
3203,1,Niigata,42
3203,1,Tokyo,18
3203,2,Niigata,13
3203,2,Tokyo,16
3203,3,Niigata,17
3203,3,Tokyo,15
3203,4,Niigata,18
3203,4,Tokyo,22
3203,5,Niigata,13
3203,5,Tokyo,28
3203,6,Niigata,10
3203,6,Tokyo,34
3203,7,Niigata,10
3203,7,Tokyo,38
3203,8,Niigata,8
3203,8,Tokyo,32
3203,9,Niigata,17
3203,9,Tokyo,39
3203,10,Niigata,30
3203,10,Tokyo,46
3203,11,Niigata,24
3203,11,Tokyo,47
3203,12,Niigata,34
3203,12,Tokyo,40
3203,13,Niigata,32
3203,13,Tokyo,57
3203,14,Niigata,16
3203,14,Tokyo,58
3203,15,Niigata,17
3203,15,Tokyo,36
3203,16,Niigata,15
3203,16,Tokyo,38
3203,17,Niigata,21
3203,17,Tokyo,36
3203,18,Niigata,16
3203,18,Tokyo,38
3203,19,Niigata,24
3203,19,Tokyo,41
3203,20,Niigata,66
3203,20,Tokyo,35
3203,21,Niigata,90
3203,21,Tokyo,39
3203,22,Niigata,88
3203,22,Tokyo,32
3203,23,Niigata,101
3203,23,Tokyo,36
3203,24,Niigata,116
3203,24,Tokyo,25
3203,25,Niigata,95
3203,25,Tokyo,25
3203,26,Niigata,8
3203,26,Tokyo,30
3203,27,Niigata,3
3203,27,Tokyo,29
3203,28,Tokyo,37
3203,29,Niigata,1
3203,29,Tokyo,23
3203,30,Niigata,4
3203,30,Tokyo,36
3203,31,Niigata,4
3203,31,Tokyo,37
3203,32,Niigata,2
3203,32,Tokyo,32
3203,33,Niigata,2
3203,33,Tokyo,36
3203,34,Niigata,3
3203,34,Tokyo,44
3203,35,Niigata,5
3203,35,Tokyo,41
3203,36,Niigata,5
3203,36,Tokyo,36
3203,37,Niigata,6
3203,37,Tokyo,42
3203,38,Niigata,6
3203,38,Tokyo,37
3203,39,Niigata,5
3203,39,Tokyo,35
3203,40,Niigata,10
3203,40,Tokyo,30
3203,41,Niigata,8
3203,41,Tokyo,27
3203,42,Niigata,10
3203,42,Tokyo,32
3203,43,Niigata,4
3203,43,Tokyo,39
3203,44,Niigata,5
3203,44,Tokyo,36
3203,45,Niigata,5
3203,45,Tokyo,30
3203,46,Niigata,4
3203,46,Tokyo,32
3299,1,Niigata,17
3299,1,Tokyo,3407
3299,2,Niigata,17
3299,2,Tokyo,4637
3299,3,Niigata,10
3299,3,Tokyo,4756
3299,4,Niigata,9
3299,4,Tokyo,4589
3299,5,Niigata,11
3299,5,Tokyo,4393
3299,6,Niigata,1
3299,6,Tokyo,3342
3299,7,Niigata,8
3299,7,Tokyo,3192
3299,8,Niigata,8
3299,8,Tokyo,3114
3299,9,Niigata,2
3299,9,Tokyo,3062
3299,10,Tokyo,3317
3299,11,Tokyo,3204
3299,12,Tokyo,3548
3299,13,Tokyo,3692
3299,14,Tokyo,3272
3299,15,Tokyo,2859
3299,16,Tokyo,2916
3299,17,Tokyo,2815
3299,18,Tokyo,3444
3299,19,Tokyo,2862
3299,20,Tokyo,2758
3299,21,Tokyo,2697
3299,22,Tokyo,2597
3299,23,Niigata,101
3299,23,Tokyo,2454
3299,24,Niigata,100
3299,24,Tokyo,2335
3299,25,Niigata,69
3299,25,Tokyo,2237
3299,26,Niigata,62
3299,26,Tokyo,2421
3299,27,Niigata,31
3299,27,Tokyo,1966
3299,28,Niigata,31
3299,28,Tokyo,1974
3299,29,Niigata,47
3299,29,Tokyo,2074
3299,30,Niigata,34
3299,30,Tokyo,2052
3299,31,Niigata,16
3299,31,Tokyo,2270
3299,32,Tokyo,2438
3299,33,Tokyo,2436
3299,34,Niigata,1
3299,34,Tokyo,2192
3299,35,Tokyo,2178
3299,36,Tokyo,1942
3299,37,Tokyo,2034
3299,38,Tokyo,1900
3299,39,Tokyo,1630
3299,40,Tokyo,1737
3299,41,Tokyo,2030
3299,42,Tokyo,1969
3299,43,Tokyo,1769
3299,44,Tokyo,1441
3299,45,Tokyo,1232
3299,46,Tokyo,1229
4000,1,Niigata,7
4000,1,Tokyo,234
4000,2,Niigata,7
4000,2,Tokyo,237
4000,3,Niigata,8
4000,3,Tokyo,234
4000,4,Niigata,8
4000,4,Tokyo,217
4000,5,Niigata,9
4000,5,Tokyo,342
4000,6,Niigata,24
4000,6,Tokyo,275
4000,7,Niigata,17
4000,7,Tokyo,316
4000,8,Niigata,11
4000,8,Tokyo,314
4000,9,Niigata,14
4000,9,Tokyo,541
4000,10,Niigata,25
4000,10,Tokyo,432
4000,11,Niigata,18
4000,11,Tokyo,449
4000,12,Niigata,22
4000,12,Tokyo,530
4000,13,Niigata,32
4000,13,Tokyo,1134
4000,14,Niigata,33
4000,14,Tokyo,390
4000,15,Niigata,32
4000,15,Tokyo,322
4000,16,Niigata,16
4000,16,Tokyo,332
4000,17,Niigata,21
4000,17,Tokyo,294
4000,18,Niigata,9
4000,18,Tokyo,162
4000,19,Niigata,31
4000,19,Tokyo,109
4000,20,Niigata,49
4000,20,Tokyo,118
4000,21,Niigata,46
4000,21,Tokyo,106
4000,22,Niigata,41
4000,22,Tokyo,152
4000,23,Niigata,25
4000,23,Tokyo,88
4000,24,Niigata,35
4000,24,Tokyo,99
4000,25,Niigata,26
4000,25,Tokyo,101
4000,26,Niigata,31
4000,26,Tokyo,164
4000,27,Niigata,28
4000,27,Tokyo,157
4000,28,Niigata,20
4000,28,Tokyo,126
4000,29,Niigata,34
4000,29,Tokyo,145
4000,30,Niigata,22
4000,30,Tokyo,158
4000,31,Niigata,19
4000,31,Tokyo,149
4000,32,Niigata,13
4000,32,Tokyo,152
4000,33,Niigata,21
4000,33,Tokyo,148
4000,34,Niigata,27
4000,34,Tokyo,143
4000,35,Niigata,15
4000,35,Tokyo,228
4000,36,Niigata,31
4000,36,Tokyo,159
4000,37,Niigata,16
4000,37,Tokyo,183
4000,38,Niigata,127
4000,38,Tokyo,183
4000,39,Niigata,66
4000,39,Tokyo,289
4000,40,Niigata,41
4000,40,Tokyo,204
4000,41,Niigata,33
4000,41,Tokyo,198
4000,42,Niigata,25
4000,42,Tokyo,228
4000,43,Niigata,19
4000,43,Tokyo,229
4000,44,Niigata,21
4000,44,Tokyo,258
4000,45,Niigata,13
4000,45,Tokyo,220
4000,46,Niigata,14
4000,46,Tokyo,223
4001,1,Niigata,11
4001,2,Niigata,10
4001,3,Niigata,16
4001,4,Niigata,15
4001,5,Niigata,24
4001,6,Niigata,18
4001,7,Niigata,20
4001,8,Niigata,22
4001,9,Niigata,15
4001,10,Niigata,20
4001,11,Niigata,14
4001,12,Niigata,22
4001,13,Niigata,29
4001,14,Niigata,21
4001,15,Niigata,14
4001,16,Niigata,17
4001,17,Niigata,30
4001,18,Niigata,7
4001,19,Niigata,7
4001,20,Niigata,8
4001,21,Niigata,9
4001,22,Niigata,2
4001,23,Niigata,5
4001,24,Niigata,1
4001,25,Niigata,6
4001,26,Niigata,4
4001,27,Niigata,8
4001,28,Niigata,8
4001,29,Niigata,2
4001,30,Niigata,3
4001,31,Niigata,5
4001,32,Niigata,2
4001,33,Niigata,2
4001,34,Niigata,1
4001,35,Niigata,5
4001,36,Niigata,1
4001,37,Niigata,7
4001,38,Niigata,2
4001,39,Niigata,1
4001,40,Niigata,1
4001,41,Niigata,3
4001,42,Niigata,1
4001,43,Niigata,1
4001,44,Niigata,7
4001,45,Niigata,3
4001,46,Niigata,4
4099,1,Niigata,371
4099,1,Tokyo,3302
4099,2,Niigata,456
4099,2,Tokyo,2752
4099,3,Niigata,316
4099,3,Tokyo,2728
4099,4,Niigata,274
4099,4,Tokyo,2817
4099,5,Niigata,352
4099,5,Tokyo,2789
4099,6,Niigata,232
4099,6,Tokyo,2835
4099,7,Niigata,214
4099,7,Tokyo,2694
4099,8,Niigata,250
4099,8,Tokyo,2641
4099,9,Niigata,270
4099,9,Tokyo,3006
4099,10,Niigata,271
4099,10,Tokyo,2849
4099,11,Niigata,212
4099,11,Tokyo,2742
4099,12,Niigata,249
4099,12,Tokyo,3450
4099,13,Niigata,221
4099,13,Tokyo,3002
4099,14,Niigata,222
4099,14,Tokyo,2825
4099,15,Niigata,150
4099,15,Tokyo,3241
4099,16,Niigata,178
4099,16,Tokyo,3207
4099,17,Niigata,119
4099,17,Tokyo,3082
4099,18,Niigata,134
4099,18,Tokyo,3968
4099,19,Niigata,143
4099,19,Tokyo,3094
4099,20,Niigata,145
4099,20,Tokyo,3125
4099,21,Niigata,196
4099,21,Tokyo,3240
4099,22,Niigata,231
4099,22,Tokyo,3387
4099,23,Niigata,198
4099,23,Tokyo,3251
4099,24,Niigata,176
4099,24,Tokyo,3161
4099,25,Niigata,199
4099,25,Tokyo,3433
4099,26,Niigata,235
4099,26,Tokyo,3294
4099,27,Niigata,220
4099,27,Tokyo,2987
4099,28,Niigata,188
4099,28,Tokyo,2630
4099,29,Niigata,186
4099,29,Tokyo,2855
4099,30,Niigata,181
4099,30,Tokyo,3002
4099,31,Niigata,205
4099,31,Tokyo,3123
4099,32,Niigata,219
4099,32,Tokyo,3226
4099,33,Niigata,213
4099,33,Tokyo,3580
4099,34,Niigata,166
4099,34,Tokyo,2766
4099,35,Niigata,200
4099,35,Tokyo,3132
4099,36,Niigata,217
4099,36,Tokyo,3277
4099,37,Niigata,265
4099,37,Tokyo,9943
4099,38,Niigata,203
4099,38,Tokyo,9662
4099,39,Niigata,213
4099,39,Tokyo,4269
4099,40,Niigata,245
4099,40,Tokyo,3489
4099,41,Niigata,313
4099,41,Tokyo,3408
4099,42,Niigata,269
4099,42,Tokyo,3705
4099,43,Niigata,197
4099,43,Tokyo,15925
4099,44,Niigata,229
4099,44,Tokyo,7199
4099,45,Niigata,247
4099,45,Tokyo,5857
4099,46,Niigata,327
4099,46,Tokyo,4527
4100,1,Niigata,71
4100,2,Niigata,126
4100,3,Niigata,82
4100,4,Niigata,90
4100,5,Niigata,77
4100,6,Niigata,80
4100,7,Niigata,76
4100,8,Niigata,52
4100,9,Niigata,38
4100,10,Niigata,42
4100,11,Niigata,50
4100,12,Niigata,24
4100,13,Niigata,15
4100,14,Niigata,41
4100,15,Niigata,34
4100,16,Niigata,23
4100,17,Niigata,17
4100,18,Niigata,29
4100,19,Niigata,44
4100,20,Niigata,44
4100,21,Niigata,45
4100,22,Niigata,50
4100,23,Niigata,55
4100,24,Niigata,56
4100,25,Niigata,50
4100,26,Niigata,49
4100,27,Niigata,56
4100,28,Niigata,50
4100,29,Niigata,57
4100,30,Niigata,56
4100,31,Niigata,47
4100,32,Niigata,53
4100,33,Niigata,63
4100,34,Niigata,68
4100,35,Niigata,46
4100,36,Niigata,59
4100,37,Niigata,55
4100,38,Niigata,64
4100,38,Tokyo,1
4100,39,Niigata,53
4100,39,Tokyo,1
4100,40,Niigata,55
4100,40,Tokyo,3
4100,41,Niigata,58
4100,41,Tokyo,2
4100,42,Niigata,46
4100,42,Tokyo,6
4100,43,Niigata,56
4100,43,Tokyo,3
4100,44,Niigata,56
4100,44,Tokyo,2
4100,45,Niigata,51
4100,45,Tokyo,3
4100,46,Niigata,43
4101,1,Niigata,691
4101,1,Tokyo,783
4101,2,Niigata,876
4101,2,Tokyo,966
4101,3,Niigata,759
4101,3,Tokyo,928
4101,4,Niigata,764
4101,4,Tokyo,871
4101,5,Niigata,798
4101,5,Tokyo,984
4101,6,Niigata,642
4101,6,Tokyo,883
4101,7,Niigata,634
4101,7,Tokyo,830
4101,8,Niigata,753
4101,8,Tokyo,919
4101,9,Niigata,821
4101,9,Tokyo,1006
4101,10,Niigata,764
4101,10,Tokyo,1029
4101,11,Niigata,635
4101,11,Tokyo,947
4101,12,Niigata,652
4101,12,Tokyo,986
4101,13,Niigata,639
4101,13,Tokyo,995
4101,14,Niigata,636
4101,14,Tokyo,1111
4101,15,Niigata,631
4101,15,Tokyo,918
4101,16,Niigata,581
4101,16,Tokyo,842
4101,17,Niigata,483
4101,17,Tokyo,788
4101,18,Niigata,404
4101,18,Tokyo,600
4101,19,Niigata,482
4101,19,Tokyo,860
4101,20,Niigata,461
4101,20,Tokyo,864
4101,21,Niigata,421
4101,21,Tokyo,826
4101,22,Niigata,391
4101,22,Tokyo,886
4101,23,Niigata,449
4101,23,Tokyo,806
4101,24,Niigata,420
4101,24,Tokyo,868
4101,25,Niigata,402
4101,25,Tokyo,736
4101,26,Niigata,422
4101,26,Tokyo,715
4101,27,Niigata,433
4101,27,Tokyo,720
4101,28,Niigata,378
4101,28,Tokyo,701
4101,29,Niigata,393
4101,29,Tokyo,710
4101,30,Niigata,339
4101,30,Tokyo,589
4101,31,Niigata,289
4101,31,Tokyo,602
4101,32,Niigata,348
4101,32,Tokyo,644
4101,33,Niigata,397
4101,33,Tokyo,640
4101,34,Niigata,373
4101,34,Tokyo,789
4101,35,Niigata,436
4101,35,Tokyo,866
4101,36,Niigata,400
4101,36,Tokyo,763
4101,37,Niigata,389
4101,37,Tokyo,817
4101,38,Niigata,410
4101,38,Tokyo,873
4101,39,Niigata,422
4101,39,Tokyo,804
4101,40,Niigata,374
4101,40,Tokyo,747
4101,41,Niigata,447
4101,41,Tokyo,825
4101,42,Niigata,482
4101,42,Tokyo,880
4101,43,Niigata,438
4101,43,Tokyo,800
4101,44,Niigata,355
4101,44,Tokyo,699
4101,45,Niigata,378
4101,45,Tokyo,748
4101,46,Niigata,395
4101,46,Tokyo,791
4199,1,Niigata,113
4199,1,Tokyo,57
4199,2,Niigata,224
4199,2,Tokyo,111
4199,3,Niigata,216
4199,3,Tokyo,119
4199,4,Niigata,210
4199,4,Tokyo,129
4199,5,Niigata,248
4199,5,Tokyo,183
4199,6,Niigata,203
4199,6,Tokyo,163
4199,7,Niigata,232
4199,7,Tokyo,147
4199,8,Niigata,228
4199,8,Tokyo,209
4199,9,Niigata,201
4199,9,Tokyo,210
4199,10,Niigata,221
4199,10,Tokyo,132
4199,11,Niigata,182
4199,11,Tokyo,132
4199,12,Niigata,270
4199,12,Tokyo,127
4199,13,Niigata,150
4199,13,Tokyo,136
4199,14,Niigata,148
4199,14,Tokyo,102
4199,15,Niigata,144
4199,15,Tokyo,98
4199,16,Niigata,161
4199,16,Tokyo,121
4199,17,Niigata,114
4199,17,Tokyo,92
4199,18,Niigata,90
4199,18,Tokyo,48
4199,19,Niigata,181
4199,19,Tokyo,94
4199,20,Niigata,168
4199,20,Tokyo,102
4199,21,Niigata,100
4199,21,Tokyo,77
4199,22,Niigata,131
4199,22,Tokyo,71
4199,23,Niigata,147
4199,23,Tokyo,106
4199,24,Niigata,141
4199,24,Tokyo,110
4199,25,Niigata,122
4199,25,Tokyo,42
4199,26,Niigata,102
4199,26,Tokyo,49
4199,27,Niigata,162
4199,27,Tokyo,56
4199,28,Niigata,145
4199,28,Tokyo,69
4199,29,Niigata,123
4199,29,Tokyo,53
4199,30,Niigata,114
4199,30,Tokyo,53
4199,31,Niigata,115
4199,31,Tokyo,44
4199,32,Niigata,117
4199,32,Tokyo,41
4199,33,Niigata,125
4199,33,Tokyo,34
4199,34,Niigata,163
4199,34,Tokyo,81
4199,35,Niigata,167
4199,35,Tokyo,65
4199,36,Niigata,171
4199,36,Tokyo,80
4199,37,Niigata,146
4199,37,Tokyo,99
4199,38,Niigata,144
4199,38,Tokyo,102
4199,39,Niigata,139
4199,39,Tokyo,82
4199,40,Niigata,122
4199,40,Tokyo,54
4199,41,Niigata,113
4199,41,Tokyo,54
4199,42,Niigata,123
4199,42,Tokyo,43
4199,43,Niigata,112
4199,43,Tokyo,61
4199,44,Niigata,105
4199,44,Tokyo,36
4199,45,Niigata,113
4199,45,Tokyo,48
4199,46,Niigata,110
4199,46,Tokyo,70
4200,1,Niigata,238
4200,1,Tokyo,1859
4200,2,Niigata,163
4200,2,Tokyo,1554
4200,3,Niigata,194
4200,3,Tokyo,1519
4200,4,Niigata,179
4200,4,Tokyo,1511
4200,5,Niigata,275
4200,5,Tokyo,1561
4200,6,Niigata,329
4200,6,Tokyo,1389
4200,7,Niigata,354
4200,7,Tokyo,1414
4200,8,Niigata,363
4200,8,Tokyo,1502
4200,9,Niigata,380
4200,9,Tokyo,1508
4200,10,Niigata,411
4200,10,Tokyo,1463
4200,11,Niigata,412
4200,11,Tokyo,1455
4200,12,Niigata,224
4200,12,Tokyo,1549
4200,13,Niigata,146
4200,13,Tokyo,1363
4200,14,Niigata,134
4200,14,Tokyo,1386
4200,15,Niigata,130
4200,15,Tokyo,1262
4200,16,Niigata,143
4200,16,Tokyo,1264
4200,17,Niigata,169
4200,17,Tokyo,1281
4200,18,Niigata,205
4200,18,Tokyo,1686
4200,19,Niigata,214
4200,19,Tokyo,1307
4200,20,Niigata,133
4200,20,Tokyo,1255
4200,21,Niigata,140
4200,21,Tokyo,1237
4200,22,Niigata,150
4200,22,Tokyo,1239
4200,23,Niigata,146
4200,23,Tokyo,1196
4200,24,Niigata,138
4200,24,Tokyo,1229
4200,25,Niigata,136
4200,25,Tokyo,1137
4200,26,Niigata,124
4200,26,Tokyo,1147
4200,27,Niigata,137
4200,27,Tokyo,1170
4200,28,Niigata,136
4200,28,Tokyo,1208
4200,29,Niigata,168
4200,29,Tokyo,1319
4200,30,Niigata,145
4200,30,Tokyo,1181
4200,31,Niigata,138
4200,31,Tokyo,1160
4200,32,Niigata,129
4200,32,Tokyo,1271
4200,33,Niigata,158
4200,33,Tokyo,1454
4200,34,Niigata,156
4200,34,Tokyo,1149
4200,35,Niigata,142
4200,35,Tokyo,1135
4200,36,Niigata,147
4200,36,Tokyo,1109
4200,37,Niigata,146
4200,37,Tokyo,1040
4200,38,Niigata,160
4200,38,Tokyo,1111
4200,39,Niigata,168
4200,39,Tokyo,1049
4200,40,Niigata,158
4200,40,Tokyo,1045
4200,41,Niigata,154
4200,41,Tokyo,1062
4200,42,Niigata,155
4200,42,Tokyo,863
4200,43,Niigata,140
4200,43,Tokyo,878
4200,44,Niigata,154
4200,44,Tokyo,986
4200,45,Niigata,167
4200,45,Tokyo,893
4200,46,Niigata,129
4200,46,Tokyo,816
4300,1,Niigata,263
4300,1,Tokyo,3019
4300,2,Niigata,335
4300,2,Tokyo,3825
4300,3,Niigata,305
4300,3,Tokyo,3772
4300,4,Niigata,287
4300,4,Tokyo,3697
4300,5,Niigata,312
4300,5,Tokyo,4069
4300,6,Niigata,314
4300,6,Tokyo,3716
4300,7,Niigata,267
4300,7,Tokyo,3373
4300,8,Niigata,286
4300,8,Tokyo,3271
4300,9,Niigata,387
4300,9,Tokyo,3854
4300,10,Niigata,389
4300,10,Tokyo,3499
4300,11,Niigata,295
4300,11,Tokyo,3305
4300,12,Niigata,296
4300,12,Tokyo,3453
4300,13,Niigata,274
4300,13,Tokyo,3517
4300,14,Niigata,308
4300,14,Tokyo,4231
4300,15,Niigata,311
4300,15,Tokyo,3800
4300,16,Niigata,293
4300,16,Tokyo,3430
4300,17,Niigata,280
4300,17,Tokyo,3241
4300,18,Niigata,222
4300,18,Tokyo,2622
4300,19,Niigata,302
4300,19,Tokyo,3953
4300,20,Niigata,324
4300,20,Tokyo,3725
4300,21,Niigata,285
4300,21,Tokyo,3472
4300,22,Niigata,274
4300,22,Tokyo,3813
4300,23,Niigata,267
4300,23,Tokyo,4165
4300,24,Niigata,241
4300,24,Tokyo,4158
4300,25,Niigata,241
4300,25,Tokyo,4015
4300,26,Niigata,221
4300,26,Tokyo,3853
4300,27,Niigata,229
4300,27,Tokyo,3935
4300,28,Niigata,168
4300,28,Tokyo,3610
4300,29,Niigata,218
4300,29,Tokyo,3673
4300,30,Niigata,215
4300,30,Tokyo,3501
4300,31,Niigata,215
4300,31,Tokyo,3728
4300,32,Niigata,151
4300,32,Tokyo,3251
4300,33,Niigata,197
4300,33,Tokyo,3680
4300,34,Niigata,205
4300,34,Tokyo,4366
4300,35,Niigata,203
4300,35,Tokyo,4518
4300,36,Niigata,224
4300,36,Tokyo,4704
4300,37,Niigata,201
4300,37,Tokyo,4267
4300,38,Niigata,219
4300,38,Tokyo,4190
4300,39,Niigata,227
4300,39,Tokyo,4340
4300,40,Niigata,252
4300,40,Tokyo,4073
4300,41,Niigata,205
4300,41,Tokyo,4458
4300,42,Niigata,253
4300,42,Tokyo,3986
4300,43,Niigata,206
4300,43,Tokyo,3745
4300,44,Niigata,158
4300,44,Tokyo,3409
4300,45,Niigata,216
4300,45,Tokyo,4106
4300,46,Niigata,187
4300,46,Tokyo,3821
4301,1,Niigata,88
4301,1,Tokyo,248
4301,2,Niigata,79
4301,2,Tokyo,257
4301,3,Niigata,77
4301,3,Tokyo,333
4301,4,Niigata,71
4301,4,Tokyo,334
4301,5,Niigata,89
4301,5,Tokyo,434
4301,6,Niigata,81
4301,6,Tokyo,360
4301,7,Niigata,89
4301,7,Tokyo,311
4301,8,Niigata,97
4301,8,Tokyo,316
4301,9,Niigata,86
4301,9,Tokyo,304
4301,10,Niigata,102
4301,10,Tokyo,306
4301,11,Niigata,99
4301,11,Tokyo,260
4301,12,Niigata,81
4301,12,Tokyo,294
4301,13,Niigata,71
4301,13,Tokyo,289
4301,14,Niigata,111
4301,14,Tokyo,285
4301,15,Niigata,66
4301,15,Tokyo,252
4301,16,Niigata,50
4301,16,Tokyo,291
4301,17,Niigata,56
4301,17,Tokyo,255
4301,18,Niigata,38
4301,18,Tokyo,208
4301,19,Niigata,61
4301,19,Tokyo,236
4301,20,Niigata,61
4301,20,Tokyo,272
4301,21,Niigata,46
4301,21,Tokyo,272
4301,22,Niigata,58
4301,22,Tokyo,243
4301,23,Niigata,38
4301,23,Tokyo,259
4301,24,Niigata,40
4301,24,Tokyo,233
4301,25,Niigata,39
4301,25,Tokyo,214
4301,26,Niigata,34
4301,26,Tokyo,216
4301,27,Niigata,48
4301,27,Tokyo,225
4301,28,Niigata,44
4301,28,Tokyo,207
4301,29,Niigata,39
4301,29,Tokyo,213
4301,30,Niigata,31
4301,30,Tokyo,230
4301,31,Niigata,42
4301,31,Tokyo,203
4301,32,Niigata,48
4301,32,Tokyo,160
4301,33,Niigata,35
4301,33,Tokyo,171
4301,34,Niigata,27
4301,34,Tokyo,180
4301,35,Niigata,26
4301,35,Tokyo,161
4301,36,Niigata,33
4301,36,Tokyo,178
4301,37,Niigata,60
4301,37,Tokyo,166
4301,38,Niigata,117
4301,38,Tokyo,166
4301,39,Niigata,32
4301,39,Tokyo,151
4301,40,Niigata,23
4301,40,Tokyo,172
4301,41,Niigata,20
4301,41,Tokyo,167
4301,42,Niigata,45
4301,42,Tokyo,148
4301,43,Niigata,23
4301,43,Tokyo,138
4301,44,Niigata,19
4301,44,Tokyo,135
4301,45,Niigata,34
4301,45,Tokyo,134
4301,46,Niigata,30
4301,46,Tokyo,126
4302,1,Niigata,34
4302,1,Tokyo,1573
4302,2,Niigata,65
4302,2,Tokyo,2181
4302,3,Niigata,41
4302,3,Tokyo,2215
4302,4,Niigata,55
4302,4,Tokyo,2231
4302,5,Niigata,62
4302,5,Tokyo,2376
4302,6,Niigata,63
4302,6,Tokyo,2232
4302,7,Niigata,38
4302,7,Tokyo,2273
4302,8,Niigata,33
4302,8,Tokyo,2374
4302,9,Niigata,28
4302,9,Tokyo,2488
4302,10,Niigata,27
4302,10,Tokyo,2466
4302,11,Niigata,33
4302,11,Tokyo,2144
4302,12,Niigata,40
4302,12,Tokyo,2046
4302,13,Niigata,32
4302,13,Tokyo,2157
4302,14,Niigata,34
4302,14,Tokyo,2418
4302,15,Niigata,33
4302,15,Tokyo,2286
4302,16,Niigata,36
4302,16,Tokyo,2238
4302,17,Niigata,28
4302,17,Tokyo,2100
4302,18,Niigata,21
4302,18,Tokyo,1398
4302,19,Niigata,37
4302,19,Tokyo,2339
4302,20,Niigata,32
4302,20,Tokyo,2267
4302,21,Niigata,30
4302,21,Tokyo,2090
4302,22,Niigata,30
4302,22,Tokyo,2059
4302,23,Niigata,36
4302,23,Tokyo,2170
4302,24,Niigata,33
4302,24,Tokyo,2001
4302,25,Niigata,33
4302,25,Tokyo,1967
4302,26,Niigata,30
4302,26,Tokyo,1779
4302,27,Niigata,25
4302,27,Tokyo,1933
4302,28,Niigata,33
4302,28,Tokyo,1701
4302,29,Niigata,29
4302,29,Tokyo,1627
4302,30,Niigata,21
4302,30,Tokyo,1714
4302,31,Niigata,23
4302,31,Tokyo,1887
4302,32,Niigata,18
4302,32,Tokyo,1573
4302,33,Niigata,19
4302,33,Tokyo,1610
4302,34,Niigata,28
4302,34,Tokyo,1840
4302,35,Niigata,20
4302,35,Tokyo,2115
4302,36,Niigata,33
4302,36,Tokyo,2257
4302,37,Niigata,37
4302,37,Tokyo,1980
4302,38,Niigata,30
4302,38,Tokyo,1883
4302,39,Niigata,40
4302,39,Tokyo,1869
4302,40,Niigata,47
4302,40,Tokyo,1984
4302,41,Niigata,31
4302,41,Tokyo,1803
4302,42,Niigata,30
4302,42,Tokyo,1760
4302,43,Niigata,24
4302,43,Tokyo,1595
4302,44,Niigata,29
4302,44,Tokyo,1554
4302,45,Niigata,47
4302,45,Tokyo,1595
4302,46,Niigata,24
4302,46,Tokyo,1484
4399,1,Niigata,29
4399,1,Tokyo,56
4399,2,Niigata,45
4399,2,Tokyo,73
4399,3,Niigata,39
4399,3,Tokyo,42
4399,4,Niigata,50
4399,4,Tokyo,41
4399,5,Niigata,44
4399,5,Tokyo,47
4399,6,Niigata,51
4399,6,Tokyo,32
4399,7,Niigata,74
4399,7,Tokyo,65
4399,8,Niigata,63
4399,8,Tokyo,59
4399,9,Niigata,115
4399,9,Tokyo,62
4399,10,Niigata,51
4399,10,Tokyo,48
4399,11,Niigata,28
4399,11,Tokyo,42
4399,12,Niigata,11
4399,12,Tokyo,30
4399,13,Niigata,11
4399,13,Tokyo,46
4399,14,Niigata,51
4399,14,Tokyo,21
4399,15,Niigata,58
4399,15,Tokyo,19
4399,16,Niigata,34
4399,16,Tokyo,18
4399,17,Niigata,7
4399,17,Tokyo,22
4399,18,Niigata,25
4399,18,Tokyo,21
4399,19,Niigata,35
4399,19,Tokyo,19
4399,20,Niigata,30
4399,20,Tokyo,17
4399,21,Niigata,40
4399,21,Tokyo,29
4399,22,Niigata,41
4399,22,Tokyo,26
4399,23,Niigata,54
4399,23,Tokyo,32
4399,24,Niigata,28
4399,24,Tokyo,19
4399,25,Niigata,43
4399,25,Tokyo,31
4399,26,Niigata,55
4399,26,Tokyo,33
4399,27,Niigata,47
4399,27,Tokyo,26
4399,28,Niigata,30
4399,28,Tokyo,26
4399,29,Niigata,18
4399,29,Tokyo,36
4399,30,Niigata,18
4399,30,Tokyo,23
4399,31,Niigata,13
4399,31,Tokyo,38
4399,32,Niigata,16
4399,32,Tokyo,28
4399,33,Niigata,7
4399,33,Tokyo,71
4399,34,Niigata,13
4399,34,Tokyo,90
4399,35,Niigata,13
4399,35,Tokyo,40
4399,36,Niigata,23
4399,36,Tokyo,32
4399,37,Niigata,20
4399,37,Tokyo,43
4399,38,Niigata,20
4399,38,Tokyo,38
4399,39,Niigata,29
4399,39,Tokyo,40
4399,40,Niigata,19
4399,40,Tokyo,23
4399,41,Niigata,13
4399,41,Tokyo,36
4399,42,Niigata,21
4399,42,Tokyo,21
4399,43,Niigata,20
4399,43,Tokyo,24
4399,44,Niigata,11
4399,44,Tokyo,21
4399,45,Niigata,22
4399,45,Tokyo,12
4399,46,Niigata,18
4399,46,Tokyo,9
4400,1,Niigata,44
4400,1,Tokyo,884
4400,2,Niigata,63
4400,2,Tokyo,1000
4400,3,Niigata,63
4400,3,Tokyo,1093
4400,4,Niigata,74
4400,4,Tokyo,1119
4400,5,Niigata,65
4400,5,Tokyo,1098
4400,6,Niigata,62
4400,6,Tokyo,973
4400,7,Niigata,69
4400,7,Tokyo,1000
4400,8,Niigata,57
4400,8,Tokyo,1069
4400,9,Niigata,52
4400,9,Tokyo,1082
4400,10,Niigata,68
4400,10,Tokyo,993
4400,11,Niigata,65
4400,11,Tokyo,1114
4400,12,Niigata,65
4400,12,Tokyo,1234
4400,13,Niigata,72
4400,13,Tokyo,1271
4400,14,Niigata,79
4400,14,Tokyo,1109
4400,15,Niigata,93
4400,15,Tokyo,1219
4400,16,Niigata,95
4400,16,Tokyo,1443
4400,17,Niigata,94
4400,17,Tokyo,1226
4400,18,Niigata,99
4400,18,Tokyo,1320
4400,19,Niigata,101
4400,19,Tokyo,1485
4400,20,Niigata,112
4400,20,Tokyo,1678
4400,21,Niigata,137
4400,21,Tokyo,1836
4400,22,Niigata,117
4400,22,Tokyo,1879
4400,23,Niigata,104
4400,23,Tokyo,1663
4400,24,Niigata,101
4400,24,Tokyo,1662
4400,25,Niigata,129
4400,25,Tokyo,1694
4400,26,Niigata,121
4400,26,Tokyo,1769
4400,27,Niigata,111
4400,27,Tokyo,1771
4400,28,Niigata,81
4400,28,Tokyo,1495
4400,29,Niigata,96
4400,29,Tokyo,1660
4400,30,Niigata,105
4400,30,Tokyo,1617
4400,31,Niigata,75
4400,31,Tokyo,1377
4400,32,Niigata,83
4400,32,Tokyo,985
4400,33,Niigata,85
4400,33,Tokyo,1281
4400,34,Niigata,72
4400,34,Tokyo,1373
4400,35,Niigata,74
4400,35,Tokyo,1211
4400,36,Niigata,78
4400,36,Tokyo,1114
4400,37,Niigata,67
4400,37,Tokyo,1049
4400,38,Niigata,75
4400,38,Tokyo,1001
4400,39,Niigata,69
4400,39,Tokyo,1020
4400,40,Niigata,66
4400,40,Tokyo,863
4400,41,Niigata,65
4400,41,Tokyo,850
4400,42,Niigata,53
4400,42,Tokyo,787
4400,43,Niigata,46
4400,43,Tokyo,729
4400,44,Niigata,57
4400,44,Tokyo,715
4400,45,Niigata,54
4400,45,Tokyo,749
4400,46,Niigata,39
4400,46,Tokyo,725
4401,1,Niigata,143
4401,1,Tokyo,3
4401,2,Niigata,157
4401,2,Tokyo,5
4401,3,Niigata,124
4401,3,Tokyo,2
4401,4,Niigata,96
4401,4,Tokyo,3
4401,5,Niigata,140
4401,5,Tokyo,2
4401,6,Niigata,156
4401,6,Tokyo,2
4401,7,Niigata,142
4401,7,Tokyo,2
4401,8,Niigata,65
4401,8,Tokyo,2
4401,9,Niigata,134
4401,9,Tokyo,2
4401,10,Niigata,163
4401,10,Tokyo,2
4401,11,Niigata,174
4401,11,Tokyo,3
4401,12,Niigata,102
4401,13,Niigata,108
4401,13,Tokyo,1
4401,14,Niigata,132
4401,15,Niigata,142
4401,15,Tokyo,1
4401,16,Niigata,140
4401,17,Niigata,113
4401,17,Tokyo,1
4401,18,Niigata,163
4401,18,Tokyo,6
4401,19,Niigata,140
4401,19,Tokyo,2
4401,20,Niigata,165
4401,20,Tokyo,1
4401,21,Niigata,123
4401,21,Tokyo,3
4401,22,Niigata,182
4401,22,Tokyo,1
4401,23,Niigata,165
4401,23,Tokyo,2
4401,24,Niigata,155
4401,24,Tokyo,5
4401,25,Niigata,135
4401,25,Tokyo,3
4401,26,Niigata,163
4401,26,Tokyo,4
4401,27,Niigata,112
4401,27,Tokyo,4
4401,28,Niigata,84
4401,28,Tokyo,2
4401,29,Niigata,78
4401,29,Tokyo,3
4401,30,Niigata,79
4401,30,Tokyo,8
4401,31,Niigata,76
4401,31,Tokyo,20
4401,32,Niigata,59
4401,32,Tokyo,27
4401,33,Niigata,86
4401,33,Tokyo,27
4401,34,Niigata,79
4401,34,Tokyo,26
4401,35,Niigata,62
4401,35,Tokyo,47
4401,36,Niigata,91
4401,36,Tokyo,78
4401,37,Niigata,100
4401,37,Tokyo,77
4401,38,Niigata,135
4401,38,Tokyo,55
4401,39,Niigata,99
4401,39,Tokyo,72
4401,40,Niigata,121
4401,40,Tokyo,78
4401,41,Niigata,111
4401,41,Tokyo,61
4401,42,Niigata,140
4401,42,Tokyo,49
4401,43,Niigata,143
4401,43,Tokyo,63
4401,44,Niigata,189
4401,44,Tokyo,71
4401,45,Niigata,144
4401,45,Tokyo,66
4401,46,Niigata,199
4401,46,Tokyo,73
4500,1,Niigata,371
4500,1,Tokyo,6
4500,2,Niigata,535
4500,2,Tokyo,23
4500,3,Niigata,281
4500,3,Tokyo,26
4500,4,Niigata,434
4500,4,Tokyo,35
4500,5,Niigata,520
4500,5,Tokyo,45
4500,6,Niigata,422
4500,6,Tokyo,44
4500,7,Niigata,410
4500,7,Tokyo,29
4500,8,Niigata,467
4500,8,Tokyo,29
4500,9,Niigata,847
4500,9,Tokyo,77
4500,10,Niigata,491
4500,10,Tokyo,126
4500,11,Niigata,318
4500,11,Tokyo,138
4500,12,Niigata,492
4500,12,Tokyo,113
4500,13,Niigata,657
4500,13,Tokyo,169
4500,14,Niigata,544
4500,14,Tokyo,183
4500,15,Niigata,937
4500,15,Tokyo,208
4500,16,Niigata,1262
4500,16,Tokyo,214
4500,17,Niigata,1319
4500,17,Tokyo,265
4500,18,Niigata,856
4500,18,Tokyo,288
4500,19,Niigata,1222
4500,19,Tokyo,270
4500,20,Niigata,1022
4500,20,Tokyo,231
4500,21,Niigata,475
4500,21,Tokyo,302
4500,22,Niigata,681
4500,22,Tokyo,254
4500,23,Niigata,796
4500,23,Tokyo,272
4500,24,Niigata,582
4500,24,Tokyo,313
4500,25,Niigata,1083
4500,25,Tokyo,390
4500,26,Niigata,2306
4500,26,Tokyo,444
4500,27,Niigata,2710
4500,27,Tokyo,517
4500,28,Niigata,2015
4500,28,Tokyo,531
4500,29,Niigata,1924
4500,29,Tokyo,578
4500,30,Niigata,1546
4500,30,Tokyo,583
4500,31,Niigata,1220
4500,31,Tokyo,528
4500,32,Niigata,1496
4500,32,Tokyo,504
4500,33,Niigata,1773
4500,33,Tokyo,498
4500,34,Niigata,1253
4500,34,Tokyo,476
4500,35,Niigata,1636
4500,35,Tokyo,587
4500,36,Niigata,2292
4500,36,Tokyo,614
4500,37,Niigata,2222
4500,37,Tokyo,562
4500,38,Niigata,1004
4500,38,Tokyo,486
4500,39,Niigata,1215
4500,39,Tokyo,707
4500,40,Niigata,1491
4500,40,Tokyo,526
4500,41,Niigata,1330
4500,41,Tokyo,470
4500,42,Niigata,1929
4500,42,Tokyo,513
4500,43,Niigata,2393
4500,43,Tokyo,588
4500,44,Niigata,2185
4500,44,Tokyo,441
4500,45,Niigata,2027
4500,45,Tokyo,458
4500,46,Niigata,2173
4500,46,Tokyo,437
4900,1,Niigata,557
4900,2,Niigata,738
4900,2,Tokyo,1
4900,3,Niigata,844
4900,3,Tokyo,1
4900,4,Niigata,893
4900,4,Tokyo,16
4900,5,Niigata,837
4900,5,Tokyo,7
4900,6,Niigata,871
4900,6,Tokyo,4
4900,7,Niigata,777
4900,7,Tokyo,5
4900,8,Niigata,766
4900,9,Niigata,702
4900,10,Niigata,680
4900,10,Tokyo,4
4900,11,Niigata,613
4900,11,Tokyo,28
4900,12,Niigata,616
4900,12,Tokyo,12
4900,13,Niigata,602
4900,13,Tokyo,3
4900,14,Niigata,671
4900,15,Niigata,620
4900,15,Tokyo,25
4900,16,Niigata,625
4900,16,Tokyo,2
4900,17,Niigata,629
4900,17,Tokyo,1
4900,18,Niigata,637
4900,19,Niigata,674
4900,19,Tokyo,30
4900,20,Niigata,671
4900,20,Tokyo,4
4900,21,Niigata,579
4900,21,Tokyo,1
4900,22,Niigata,590
4900,23,Niigata,621
4900,23,Tokyo,26
4900,24,Niigata,557
4900,24,Tokyo,10
4900,25,Niigata,593
4900,25,Tokyo,2
4900,26,Niigata,558
4900,26,Tokyo,22
4900,27,Niigata,549
4900,27,Tokyo,4
4900,28,Niigata,569
4900,28,Tokyo,5
4900,29,Niigata,521
4900,30,Niigata,593
4900,30,Tokyo,15
4900,31,Niigata,547
4900,31,Tokyo,11
4900,32,Niigata,501
4900,32,Tokyo,3
4900,33,Niigata,510
4900,33,Tokyo,3
4900,34,Niigata,500
4900,34,Tokyo,2
4900,35,Niigata,610
4900,35,Tokyo,23
4900,36,Niigata,664
4900,36,Tokyo,6
4900,37,Niigata,668
4900,37,Tokyo,2
4900,38,Niigata,726
4900,38,Tokyo,5
4900,39,Niigata,727
4900,39,Tokyo,19
4900,40,Niigata,607
4900,40,Tokyo,8
4900,41,Niigata,474
4900,41,Tokyo,1
4900,42,Niigata,563
4900,42,Tokyo,2
4900,43,Niigata,597
4900,44,Niigata,531
4900,44,Tokyo,44
4900,45,Niigata,514
4900,45,Tokyo,2
4900,46,Niigata,475
4901,1,Niigata,2
4901,2,Niigata,16
4901,3,Niigata,10
4901,4,Niigata,10
4901,5,Niigata,8
4901,6,Niigata,7
4901,7,Niigata,4
4901,8,Niigata,5
4901,9,Niigata,7
4901,10,Niigata,7
4901,11,Niigata,7
4901,12,Niigata,6
4901,13,Niigata,1
4901,14,Niigata,2
4901,15,Niigata,5
4901,17,Niigata,3
4901,18,Niigata,2
4901,19,Niigata,3
4901,20,Niigata,7
4901,21,Niigata,4
4901,22,Niigata,9
4901,23,Niigata,6
4901,24,Niigata,8
4901,25,Niigata,8
4901,26,Niigata,6
4901,27,Niigata,11
4901,28,Niigata,6
4901,29,Niigata,5
4901,30,Niigata,12
4901,31,Niigata,5
4901,32,Niigata,6
4901,33,Niigata,9
4901,34,Niigata,3
4901,35,Niigata,8
4901,36,Niigata,5
4901,37,Niigata,7
4901,38,Niigata,7
4901,39,Niigata,8
4901,40,Niigata,2
4901,41,Niigata,7
4901,42,Niigata,10
4901,43,Niigata,6
4901,44,Niigata,3
4901,45,Niigata,21
4901,46,Niigata,7
4999,1,Niigata,363
4999,1,Tokyo,3878
4999,2,Niigata,574
4999,2,Tokyo,4105
4999,3,Niigata,451
4999,3,Tokyo,4254
4999,4,Niigata,568
4999,4,Tokyo,4180
4999,5,Niigata,544
4999,5,Tokyo,4444
4999,6,Niigata,472
4999,6,Tokyo,4128
4999,7,Niigata,635
4999,7,Tokyo,4515
4999,8,Niigata,511
4999,8,Tokyo,4870
4999,9,Niigata,554
4999,9,Tokyo,5406
4999,10,Niigata,495
4999,10,Tokyo,5255
4999,11,Niigata,484
4999,11,Tokyo,5407
4999,12,Niigata,456
4999,12,Tokyo,6926
4999,13,Niigata,533
4999,13,Tokyo,7312
4999,14,Niigata,718
4999,14,Tokyo,5936
4999,15,Niigata,542
4999,15,Tokyo,5553
4999,16,Niigata,511
4999,16,Tokyo,5978
4999,17,Niigata,507
4999,17,Tokyo,5791
4999,18,Niigata,569
4999,18,Tokyo,6072
4999,19,Niigata,558
4999,19,Tokyo,5312
4999,20,Niigata,536
4999,20,Tokyo,5033
4999,21,Niigata,509
4999,21,Tokyo,5441
4999,22,Niigata,636
4999,22,Tokyo,4979
4999,23,Niigata,491
4999,23,Tokyo,4030
4999,24,Niigata,589
4999,24,Tokyo,4131
4999,25,Niigata,542
4999,25,Tokyo,4465
4999,26,Niigata,501
4999,26,Tokyo,4701
4999,27,Niigata,860
4999,27,Tokyo,3865
4999,28,Niigata,554
4999,28,Tokyo,3670
4999,29,Niigata,574
4999,29,Tokyo,3904
4999,30,Niigata,592
4999,30,Tokyo,3614
4999,31,Niigata,606
4999,31,Tokyo,3627
4999,32,Niigata,553
4999,32,Tokyo,3038
4999,33,Niigata,520
4999,33,Tokyo,3838
4999,34,Niigata,561
4999,34,Tokyo,3636
4999,35,Niigata,605
4999,35,Tokyo,4181
4999,36,Niigata,617
4999,36,Tokyo,4281
4999,37,Niigata,555
4999,37,Tokyo,4665
4999,38,Niigata,551
4999,38,Tokyo,5301
4999,39,Niigata,565
4999,39,Tokyo,5389
4999,40,Niigata,611
4999,40,Tokyo,5598
4999,41,Niigata,578
4999,41,Tokyo,5093
4999,42,Niigata,649
4999,42,Tokyo,5621
4999,43,Niigata,675
4999,43,Tokyo,5732
4999,44,Niigata,767
4999,44,Tokyo,5975
4999,45,Niigata,734
4999,45,Tokyo,5958
4999,46,Niigata,785
4999,46,Tokyo,5890
9000,2,Tokyo,1
9000,3,Tokyo,4
9000,5,Tokyo,2
9000,6,Tokyo,2
9000,10,Tokyo,1
9000,11,Tokyo,1
9000,12,Tokyo,1
9000,13,Tokyo,2
9000,14,Tokyo,1
9000,16,Tokyo,1
9000,17,Tokyo,1
9000,19,Tokyo,1
9000,21,Tokyo,1
9000,23,Tokyo,1
9000,24,Tokyo,1
9000,26,Tokyo,3
9000,28,Tokyo,1
9000,29,Tokyo,1
9000,32,Tokyo,1
9000,33,Tokyo,2
9000,35,Tokyo,1
9000,36,Tokyo,2
9000,38,Tokyo,1
9000,42,Tokyo,1
9000,44,Tokyo,2
9001,1,Niigata,47
9001,1,Tokyo,316
9001,2,Niigata,45
9001,2,Tokyo,330
9001,3,Niigata,52
9001,3,Tokyo,346
9001,4,Niigata,49
9001,4,Tokyo,307
9001,5,Niigata,41
9001,5,Tokyo,335
9001,6,Niigata,48
9001,6,Tokyo,345
9001,7,Niigata,60
9001,7,Tokyo,333
9001,8,Niigata,55
9001,8,Tokyo,350
9001,9,Niigata,62
9001,9,Tokyo,372
9001,10,Niigata,57
9001,10,Tokyo,349
9001,11,Niigata,53
9001,11,Tokyo,317
9001,12,Niigata,54
9001,12,Tokyo,352
9001,13,Niigata,56
9001,13,Tokyo,339
9001,14,Niigata,52
9001,14,Tokyo,341
9001,15,Niigata,50
9001,15,Tokyo,343
9001,16,Niigata,44
9001,16,Tokyo,372
9001,17,Niigata,45
9001,17,Tokyo,325
9001,18,Niigata,47
9001,18,Tokyo,319
9001,19,Niigata,48
9001,19,Tokyo,412
9001,20,Niigata,47
9001,20,Tokyo,356
9001,21,Niigata,44
9001,21,Tokyo,343
9001,22,Niigata,45
9001,22,Tokyo,349
9001,23,Niigata,35
9001,23,Tokyo,307
9001,24,Niigata,37
9001,24,Tokyo,296
9001,25,Niigata,32
9001,25,Tokyo,269
9001,26,Niigata,23
9001,26,Tokyo,284
9001,27,Niigata,36
9001,27,Tokyo,287
9001,28,Niigata,29
9001,28,Tokyo,266
9001,29,Niigata,20
9001,29,Tokyo,259
9001,30,Niigata,32
9001,30,Tokyo,236
9001,31,Niigata,29
9001,31,Tokyo,216
9001,32,Niigata,22
9001,32,Tokyo,215
9001,33,Niigata,30
9001,33,Tokyo,225
9001,34,Niigata,26
9001,34,Tokyo,237
9001,35,Niigata,34
9001,35,Tokyo,209
9001,36,Niigata,22
9001,36,Tokyo,220
9001,37,Niigata,17
9001,37,Tokyo,225
9001,38,Niigata,21
9001,38,Tokyo,232
9001,39,Niigata,19
9001,39,Tokyo,225
9001,40,Niigata,16
9001,40,Tokyo,223
9001,41,Niigata,14
9001,41,Tokyo,221
9001,42,Niigata,14
9001,42,Tokyo,199
9001,43,Niigata,21
9001,43,Tokyo,200
9001,44,Niigata,15
9001,44,Tokyo,198
9001,45,Niigata,10
9001,45,Tokyo,215
9001,46,Niigata,15
9001,46,Tokyo,219
9100,1,Niigata,9
9100,1,Tokyo,71
9100,2,Niigata,19
9100,2,Tokyo,101
9100,3,Niigata,10
9100,3,Tokyo,95
9100,4,Niigata,14
9100,4,Tokyo,119
9100,5,Niigata,15
9100,5,Tokyo,104
9100,6,Niigata,18
9100,6,Tokyo,90
9100,7,Niigata,12
9100,7,Tokyo,105
9100,8,Niigata,14
9100,8,Tokyo,67
9100,9,Niigata,9
9100,9,Tokyo,75
9100,10,Niigata,10
9100,10,Tokyo,59
9100,11,Niigata,20
9100,11,Tokyo,55
9100,12,Niigata,25
9100,12,Tokyo,64
9100,13,Niigata,37
9100,13,Tokyo,59
9100,14,Niigata,21
9100,14,Tokyo,43
9100,15,Niigata,14
9100,15,Tokyo,38
9100,16,Niigata,19
9100,16,Tokyo,41
9100,17,Niigata,20
9100,17,Tokyo,49
9100,18,Niigata,20
9100,18,Tokyo,62
9100,19,Niigata,52
9100,19,Tokyo,55
9100,20,Niigata,99
9100,20,Tokyo,59
9100,21,Niigata,154
9100,21,Tokyo,47
9100,22,Niigata,166
9100,22,Tokyo,51
9100,23,Niigata,156
9100,23,Tokyo,36
9100,24,Niigata,85
9100,24,Tokyo,33
9100,25,Niigata,38
9100,25,Tokyo,43
9100,26,Niigata,25
9100,26,Tokyo,50
9100,27,Niigata,39
9100,27,Tokyo,24
9100,28,Niigata,29
9100,28,Tokyo,30
9100,29,Niigata,25
9100,29,Tokyo,32
9100,30,Niigata,18
9100,30,Tokyo,29
9100,31,Niigata,25
9100,31,Tokyo,30
9100,32,Niigata,30
9100,32,Tokyo,38
9100,33,Niigata,17
9100,33,Tokyo,41
9100,34,Niigata,26
9100,34,Tokyo,29
9100,35,Niigata,29
9100,35,Tokyo,47
9100,36,Niigata,32
9100,36,Tokyo,43
9100,37,Niigata,33
9100,37,Tokyo,40
9100,38,Niigata,21
9100,38,Tokyo,38
9100,39,Niigata,20
9100,39,Tokyo,37
9100,40,Niigata,23
9100,40,Tokyo,37
9100,41,Niigata,23
9100,41,Tokyo,37
9100,42,Niigata,35
9100,42,Tokyo,33
9100,43,Niigata,22
9100,43,Tokyo,47
9100,44,Niigata,20
9100,44,Tokyo,76
9100,45,Niigata,30
9100,45,Tokyo,40
9100,46,Niigata,12
9100,46,Tokyo,49
9200,1,Niigata,65
9200,1,Tokyo,58
9200,2,Niigata,64
9200,2,Tokyo,75
9200,3,Niigata,56
9200,3,Tokyo,65
9200,4,Niigata,67
9200,4,Tokyo,72
9200,5,Niigata,70
9200,5,Tokyo,49
9200,6,Niigata,89
9200,6,Tokyo,46
9200,7,Niigata,84
9200,7,Tokyo,44
9200,8,Niigata,99
9200,8,Tokyo,70
9200,9,Niigata,62
9200,9,Tokyo,88
9200,10,Niigata,88
9200,10,Tokyo,71
9200,11,Niigata,98
9200,11,Tokyo,108
9200,12,Niigata,84
9200,12,Tokyo,91
9200,13,Niigata,55
9200,13,Tokyo,71
9200,14,Niigata,53
9200,14,Tokyo,41
9200,15,Niigata,70
9200,15,Tokyo,45
9200,16,Niigata,77
9200,16,Tokyo,49
9200,17,Niigata,67
9200,17,Tokyo,52
9200,18,Niigata,53
9200,18,Tokyo,61
9200,19,Niigata,62
9200,19,Tokyo,49
9200,20,Niigata,63
9200,20,Tokyo,57
9200,21,Niigata,82
9200,21,Tokyo,58
9200,22,Niigata,45
9200,22,Tokyo,54
9200,23,Niigata,64
9200,23,Tokyo,58
9200,24,Niigata,52
9200,24,Tokyo,45
9200,25,Niigata,52
9200,25,Tokyo,48
9200,26,Niigata,56
9200,26,Tokyo,53
9200,27,Niigata,73
9200,27,Tokyo,41
9200,28,Niigata,70
9200,28,Tokyo,53
9200,29,Niigata,97
9200,29,Tokyo,55
9200,30,Niigata,76
9200,30,Tokyo,49
9200,31,Niigata,98
9200,31,Tokyo,43
9200,32,Niigata,89
9200,32,Tokyo,40
9200,33,Niigata,120
9200,33,Tokyo,59
9200,34,Niigata,101
9200,34,Tokyo,65
9200,35,Niigata,107
9200,35,Tokyo,40
9200,36,Niigata,126
9200,36,Tokyo,43
9200,37,Niigata,114
9200,37,Tokyo,50
9200,38,Niigata,119
9200,38,Tokyo,41
9200,39,Niigata,91
9200,39,Tokyo,48
9200,40,Niigata,79
9200,40,Tokyo,40
9200,41,Niigata,92
9200,41,Tokyo,50
9200,42,Niigata,99
9200,42,Tokyo,44
9200,43,Niigata,65
9200,43,Tokyo,39
9200,44,Niigata,62
9200,44,Tokyo,41
9200,45,Niigata,99
9200,45,Tokyo,40
9200,46,Niigata,85
9200,46,Tokyo,51
9999,1,Niigata,21
9999,1,Tokyo,96
9999,2,Niigata,19
9999,2,Tokyo,195
9999,3,Niigata,24
9999,3,Tokyo,133
9999,4,Niigata,44
9999,4,Tokyo,112
9999,5,Niigata,37
9999,5,Tokyo,137
9999,6,Niigata,29
9999,6,Tokyo,146
9999,7,Niigata,19
9999,7,Tokyo,174
9999,8,Niigata,25
9999,8,Tokyo,172
9999,9,Niigata,21
9999,9,Tokyo,130
9999,10,Niigata,33
9999,10,Tokyo,118
9999,11,Niigata,30
9999,11,Tokyo,83
9999,12,Niigata,28
9999,12,Tokyo,110
9999,13,Niigata,27
9999,13,Tokyo,111
9999,14,Niigata,31
9999,14,Tokyo,119
9999,15,Niigata,29
9999,15,Tokyo,95
9999,16,Niigata,28
9999,16,Tokyo,101
9999,17,Niigata,31
9999,17,Tokyo,98
9999,18,Niigata,24
9999,18,Tokyo,131
9999,19,Niigata,36
9999,19,Tokyo,117
9999,20,Niigata,53
9999,20,Tokyo,114
9999,21,Niigata,33
9999,21,Tokyo,86
9999,22,Niigata,30
9999,22,Tokyo,104
9999,23,Niigata,39
9999,23,Tokyo,102
9999,24,Niigata,31
9999,24,Tokyo,92
9999,25,Niigata,26
9999,25,Tokyo,86
9999,26,Niigata,24
9999,26,Tokyo,116
9999,27,Niigata,46
9999,27,Tokyo,111
9999,28,Niigata,36
9999,28,Tokyo,115
9999,29,Niigata,33
9999,29,Tokyo,109
9999,30,Niigata,31
9999,30,Tokyo,87
9999,31,Niigata,32
9999,31,Tokyo,108
9999,32,Niigata,48
9999,32,Tokyo,94
9999,33,Niigata,45
9999,33,Tokyo,108
9999,34,Niigata,44
9999,34,Tokyo,104
9999,35,Niigata,44
9999,35,Tokyo,130
9999,36,Niigata,43
9999,36,Tokyo,109
9999,37,Niigata,34
9999,37,Tokyo,98
9999,38,Niigata,46
9999,38,Tokyo,113
9999,39,Niigata,62
9999,39,Tokyo,100
9999,40,Niigata,54
9999,40,Tokyo,110
9999,41,Niigata,46
9999,41,Tokyo,103
9999,42,Niigata,48
9999,42,Tokyo,105
9999,43,Niigata,72
9999,43,Tokyo,113
9999,44,Niigata,74
9999,44,Tokyo,121
9999,45,Niigata,68
9999,45,Tokyo,124
9999,46,Niigata,70
9999,46,Tokyo,115
