category_low_id,week_num,media_cnt
1000,1,683
1000,2,690
1000,3,643
1000,4,645
1000,5,677
1000,6,690
1000,7,629
1000,8,620
1000,9,628
1000,10,626
1000,11,624
1000,12,760
1000,13,615
1000,14,588
1000,15,601
1000,16,604
1000,17,669
1000,18,594
1000,19,599
1000,20,596
1000,21,561
1000,22,560
1000,23,597
1000,24,573
1000,25,569
1000,26,563
1000,27,582
1000,28,564
1000,29,547
1000,30,570
1000,31,559
1000,32,508
1000,33,562
1000,34,543
1000,35,542
1000,36,574
1000,37,546
1000,38,591
1000,39,572
1000,40,588
1000,41,575
1000,42,563
1000,43,538
1000,44,555
1000,45,555
1001,1,479
1001,2,487
1001,3,454
1001,4,456
1001,5,440
1001,6,460
1001,7,470
1001,8,455
1001,9,452
1001,10,450
1001,11,435
1001,12,492
1001,13,431
1001,14,425
1001,15,416
1001,16,414
1001,17,423
1001,18,399
1001,19,424
1001,20,399
1001,21,444
1001,22,426
1001,23,419
1001,24,422
1001,25,418
1001,26,407
1001,27,385
1001,28,411
1001,29,403
1001,30,391
1001,31,387
1001,32,360
1001,33,407
1001,34,409
1001,35,392
1001,36,417
1001,37,412
1001,38,435
1001,39,429
1001,40,419
1001,41,433
1001,42,478
1001,43,400
1001,44,401
1001,45,405
1002,1,14
1002,2,8
1002,3,12
1002,4,11
1002,5,10
1002,6,12
1002,7,10
1002,8,10
1002,9,13
1002,10,12
1002,11,12
1002,12,13
1002,13,11
1002,14,9
1002,15,8
1002,16,15
1002,17,13
1002,18,12
1002,19,15
1002,20,17
1002,21,13
1002,22,12
1002,23,11
1002,24,10
1002,25,13
1002,26,11
1002,27,15
1002,28,14
1002,29,15
1002,30,15
1002,31,17
1002,32,14
1002,33,11
1002,34,19
1002,35,12
1002,36,24
1002,37,17
1002,38,19
1002,39,19
1002,40,18
1002,41,25
1002,42,22
1002,43,19
1002,44,32
1002,45,21
1003,1,103
1003,2,96
1003,3,100
1003,4,99
1003,5,105
1003,6,109
1003,7,118
1003,8,115
1003,9,122
1003,10,117
1003,11,130
1003,12,129
1003,13,128
1003,14,113
1003,15,115
1003,16,134
1003,17,134
1003,18,131
1003,19,136
1003,20,127
1003,21,121
1003,22,143
1003,23,139
1003,24,131
1003,25,123
1003,26,134
1003,27,126
1003,28,134
1003,29,135
1003,30,143
1003,31,138
1003,32,142
1003,33,145
1003,34,145
1003,35,134
1003,36,130
1003,37,129
1003,38,135
1003,39,130
1003,40,138
1003,41,138
1003,42,131
1003,43,135
1003,44,135
1003,45,148
1100,1,619
1100,2,638
1100,3,650
1100,4,638
1100,5,603
1100,6,736
1100,7,695
1100,8,616
1100,9,654
1100,10,645
1100,11,671
1100,12,941
1100,13,638
1100,14,645
1100,15,667
1100,16,682
1100,17,721
1100,18,619
1100,19,641
1100,20,591
1100,21,561
1100,22,625
1100,23,689
1100,24,515
1100,25,518
1100,26,529
1100,27,518
1100,28,536
1100,29,539
1100,30,562
1100,31,539
1100,32,526
1100,33,543
1100,34,582
1100,35,540
1100,36,600
1100,37,509
1100,38,519
1100,39,549
1100,40,523
1100,41,602
1100,42,536
1100,43,496
1100,44,567
1100,45,521
1101,1,687
1101,2,693
1101,3,659
1101,4,587
1101,5,608
1101,6,599
1101,7,587
1101,8,694
1101,9,712
1101,10,655
1101,11,675
1101,12,879
1101,13,665
1101,14,649
1101,15,617
1101,16,616
1101,17,636
1101,18,608
1101,19,634
1101,20,618
1101,21,622
1101,22,613
1101,23,612
1101,24,623
1101,25,616
1101,26,610
1101,27,604
1101,28,610
1101,29,615
1101,30,617
1101,31,594
1101,32,592
1101,33,630
1101,34,652
1101,35,676
1101,36,657
1101,37,659
1101,38,686
1101,39,672
1101,40,673
1101,41,685
1101,42,682
1101,43,685
1101,44,697
1101,45,722
1102,1,113
1102,2,116
1102,3,110
1102,4,114
1102,5,119
1102,6,117
1102,7,110
1102,8,104
1102,9,115
1102,10,110
1102,11,107
1102,12,112
1102,13,108
1102,14,115
1102,15,104
1102,16,100
1102,17,99
1102,18,102
1102,19,111
1102,20,120
1102,21,100
1102,22,114
1102,23,107
1102,24,128
1102,25,118
1102,26,112
1102,27,118
1102,28,108
1102,29,125
1102,30,120
1102,31,123
1102,32,109
1102,33,112
1102,34,117
1102,35,123
1102,36,117
1102,37,134
1102,38,132
1102,39,137
1102,40,132
1102,41,137
1102,42,136
1102,43,122
1102,44,129
1102,45,134
1201,1,104
1201,2,106
1201,3,109
1201,4,115
1201,5,121
1201,6,128
1201,7,118
1201,8,108
1201,9,103
1201,10,98
1201,11,104
1201,12,126
1201,13,105
1201,14,92
1201,15,92
1201,16,89
1201,17,115
1201,18,81
1201,19,101
1201,20,102
1201,21,81
1201,22,83
1201,23,95
1201,24,94
1201,25,92
1201,26,84
1201,27,78
1201,28,88
1201,29,76
1201,30,75
1201,31,79
1201,32,74
1201,33,81
1201,34,83
1201,35,82
1201,36,78
1201,37,81
1201,38,72
1201,39,86
1201,40,71
1201,41,77
1201,42,80
1201,43,76
1201,44,80
1201,45,91
1202,1,86
1202,2,86
1202,3,85
1202,4,81
1202,5,89
1202,6,97
1202,7,89
1202,8,95
1202,9,99
1202,10,96
1202,11,128
1202,12,128
1202,13,119
1202,14,122
1202,15,111
1202,16,106
1202,17,100
1202,18,100
1202,19,104
1202,20,108
1202,21,112
1202,22,104
1202,23,104
1202,24,112
1202,25,112
1202,26,96
1202,27,94
1202,28,104
1202,29,84
1202,30,109
1202,31,85
1202,32,94
1202,33,90
1202,34,100
1202,35,102
1202,36,97
1202,37,97
1202,38,102
1202,39,104
1202,40,93
1202,41,101
1202,42,86
1202,43,91
1202,44,85
1202,45,92
1999,1,101
1999,2,111
1999,3,95
1999,4,110
1999,5,113
1999,6,119
1999,7,117
1999,8,113
1999,9,104
1999,10,115
1999,11,122
1999,12,150
1999,13,107
1999,14,115
1999,15,97
1999,16,103
1999,17,111
1999,18,114
1999,19,120
1999,20,114
1999,21,117
1999,22,111
1999,23,130
1999,24,111
1999,25,122
1999,26,119
1999,27,124
1999,28,124
1999,29,124
1999,30,123
1999,31,123
1999,32,146
1999,33,133
1999,34,157
1999,35,185
1999,36,185
1999,37,185
1999,38,174
1999,39,195
1999,40,204
1999,41,210
1999,42,213
1999,43,236
1999,44,241
1999,45,301
2000,1,213
2000,2,222
2000,3,210
2000,4,223
2000,5,213
2000,6,213
2000,7,209
2000,8,221
2000,9,236
2000,10,222
2000,11,202
2000,12,233
2000,13,208
2000,14,204
2000,15,209
2000,16,204
2000,17,214
2000,18,210
2000,19,220
2000,20,217
2000,21,203
2000,22,192
2000,23,205
2000,24,202
2000,25,215
2000,26,200
2000,27,228
2000,28,222
2000,29,220
2000,30,221
2000,31,224
2000,32,196
2000,33,217
2000,34,197
2000,35,215
2000,36,230
2000,37,228
2000,38,225
2000,39,235
2000,40,244
2000,41,246
2000,42,242
2000,43,247
2000,44,268
2000,45,272
2001,1,2524
2001,2,2419
2001,3,2312
2001,4,2291
2001,5,2224
2001,6,2194
2001,7,2106
2001,8,2071
2001,9,2104
2001,10,2102
2001,11,2035
2001,12,2469
2001,13,1953
2001,14,2033
2001,15,1959
2001,16,1957
2001,17,1947
2001,18,1939
2001,19,1989
2001,20,1946
2001,21,1903
2001,22,1848
2001,23,1821
2001,24,1842
2001,25,1873
2001,26,1879
2001,27,1832
2001,28,1839
2001,29,1825
2001,30,1820
2001,31,1763
2001,32,1725
2001,33,1701
2001,34,1762
2001,35,1848
2001,36,1838
2001,37,1860
2001,38,1865
2001,39,1872
2001,40,1929
2001,41,1959
2001,42,1982
2001,43,2011
2001,44,2014
2001,45,2117
2100,1,2581
2100,2,2688
2100,3,2675
2100,4,2740
2100,5,2862
2100,6,2765
2100,7,2593
2100,8,2649
2100,9,2642
2100,10,2666
2100,11,2736
2100,12,4937
2100,13,2633
2100,14,2649
2100,15,2665
2100,16,3310
2100,17,2744
2100,18,2664
2100,19,2721
2100,20,2738
2100,21,2615
2100,22,2648
2100,23,2767
2100,24,2691
2100,25,2681
2100,26,2605
2100,27,2548
2100,28,2584
2100,29,2570
2100,30,2604
2100,31,2511
2100,32,2529
2100,33,2539
2100,34,2574
2100,35,2604
2100,36,2598
2100,37,2619
2100,38,2690
2100,39,2756
2100,40,2662
2100,41,2628
2100,42,2582
2100,43,2632
2100,44,2671
2100,45,2701
2200,1,514
2200,2,517
2200,3,529
2200,4,505
2200,5,502
2200,6,521
2200,7,495
2200,8,517
2200,9,495
2200,10,479
2200,11,483
2200,12,535
2200,13,505
2200,14,471
2200,15,492
2200,16,475
2200,17,501
2200,18,491
2200,19,477
2200,20,469
2200,21,477
2200,22,475
2200,23,477
2200,24,469
2200,25,481
2200,26,466
2200,27,479
2200,28,475
2200,29,464
2200,30,470
2200,31,474
2200,32,464
2200,33,488
2200,34,457
2200,35,483
2200,36,471
2200,37,480
2200,38,476
2200,39,489
2200,40,497
2200,41,502
2200,42,503
2200,43,503
2200,44,474
2200,45,491
2201,1,331
2201,2,298
2201,3,293
2201,4,305
2201,5,296
2201,6,306
2201,7,288
2201,8,306
2201,9,300
2201,10,295
2201,11,274
2201,12,333
2201,13,296
2201,14,286
2201,15,287
2201,16,276
2201,17,297
2201,18,278
2201,19,274
2201,20,271
2201,21,248
2201,22,265
2201,23,262
2201,24,253
2201,25,257
2201,26,272
2201,27,261
2201,28,243
2201,29,247
2201,30,240
2201,31,232
2201,32,225
2201,33,233
2201,34,247
2201,35,248
2201,36,241
2201,37,241
2201,38,250
2201,39,236
2201,40,250
2201,41,252
2201,42,239
2201,43,222
2201,44,240
2201,45,254
2202,1,185
2202,2,172
2202,3,178
2202,4,155
2202,5,187
2202,6,183
2202,7,162
2202,8,174
2202,9,168
2202,10,157
2202,11,163
2202,12,189
2202,13,161
2202,14,172
2202,15,172
2202,16,165
2202,17,170
2202,18,176
2202,19,165
2202,20,170
2202,21,154
2202,22,149
2202,23,156
2202,24,157
2202,25,159
2202,26,144
2202,27,140
2202,28,141
2202,29,136
2202,30,142
2202,31,138
2202,32,141
2202,33,141
2202,34,132
2202,35,142
2202,36,138
2202,37,134
2202,38,134
2202,39,133
2202,40,136
2202,41,145
2202,42,145
2202,43,150
2202,44,153
2202,45,157
2203,1,1071
2203,2,1088
2203,3,1073
2203,4,1057
2203,5,1088
2203,6,1051
2203,7,1009
2203,8,1001
2203,9,1034
2203,10,1002
2203,11,1023
2203,12,1306
2203,13,993
2203,14,1015
2203,15,983
2203,16,1000
2203,17,992
2203,18,952
2203,19,971
2203,20,998
2203,21,957
2203,22,975
2203,23,966
2203,24,946
2203,25,935
2203,26,932
2203,27,969
2203,28,951
2203,29,960
2203,30,963
2203,31,948
2203,32,963
2203,33,980
2203,34,933
2203,35,1019
2203,36,984
2203,37,929
2203,38,951
2203,39,948
2203,40,956
2203,41,929
2203,42,923
2203,43,911
2203,44,892
2203,45,928
2204,1,1035
2204,2,1022
2204,3,1007
2204,4,992
2204,5,1004
2204,6,1000
2204,7,984
2204,8,977
2204,9,938
2204,10,939
2204,11,954
2204,12,1453
2204,13,966
2204,14,913
2204,15,886
2204,16,925
2204,17,982
2204,18,909
2204,19,1000
2204,20,939
2204,21,937
2204,22,963
2204,23,987
2204,24,933
2204,25,926
2204,26,947
2204,27,892
2204,28,889
2204,29,870
2204,30,916
2204,31,892
2204,32,946
2204,33,959
2204,34,988
2204,35,1033
2204,36,984
2204,37,978
2204,38,1020
2204,39,1026
2204,40,1033
2204,41,1001
2204,42,1026
2204,43,1019
2204,44,974
2204,45,1032
2300,1,3237
2300,2,3363
2300,3,3315
2300,4,3371
2300,5,3441
2300,6,3446
2300,7,3311
2300,8,3289
2300,9,3240
2300,10,3204
2300,11,3216
2300,12,5228
2300,13,3260
2300,14,3297
2300,15,3285
2300,16,3354
2300,17,3278
2300,18,3145
2300,19,3342
2300,20,3379
2300,21,3237
2300,22,3239
2300,23,3276
2300,24,3213
2300,25,3286
2300,26,3145
2300,27,3143
2300,28,3118
2300,29,3163
2300,30,3136
2300,31,3148
2300,32,3049
2300,33,3169
2300,34,3074
2300,35,3084
2300,36,3098
2300,37,3109
2300,38,3217
2300,39,3216
2300,40,3208
2300,41,3210
2300,42,3164
2300,43,3106
2300,44,3126
2300,45,3259
2301,1,271
2301,2,306
2301,3,303
2301,4,320
2301,5,330
2301,6,303
2301,7,295
2301,8,299
2301,9,287
2301,10,288
2301,11,302
2301,12,386
2301,13,308
2301,14,325
2301,15,336
2301,16,331
2301,17,352
2301,18,310
2301,19,341
2301,20,361
2301,21,342
2301,22,346
2301,23,351
2301,24,332
2301,25,330
2301,26,336
2301,27,313
2301,28,328
2301,29,332
2301,30,327
2301,31,311
2301,32,281
2301,33,277
2301,34,319
2301,35,328
2301,36,330
2301,37,311
2301,38,296
2301,39,329
2301,40,332
2301,41,324
2301,42,336
2301,43,330
2301,44,307
2301,45,333
2302,1,669
2302,2,705
2302,3,677
2302,4,707
2302,5,750
2302,6,711
2302,7,665
2302,8,761
2302,9,693
2302,10,690
2302,11,667
2302,12,944
2302,13,646
2302,14,651
2302,15,644
2302,16,639
2302,17,641
2302,18,597
2302,19,628
2302,20,575
2302,21,594
2302,22,573
2302,23,596
2302,24,609
2302,25,611
2302,26,598
2302,27,557
2302,28,600
2302,29,573
2302,30,587
2302,31,569
2302,32,533
2302,33,554
2302,34,526
2302,35,573
2302,36,600
2302,37,582
2302,38,576
2302,39,586
2302,40,604
2302,41,601
2302,42,609
2302,43,606
2302,44,632
2302,45,648
2400,1,370
2400,2,375
2400,3,360
2400,4,351
2400,5,372
2400,6,366
2400,7,343
2400,8,344
2400,9,348
2400,10,344
2400,11,335
2400,12,382
2400,13,365
2400,14,338
2400,15,311
2400,16,324
2400,17,332
2400,18,317
2400,19,333
2400,20,338
2400,21,336
2400,22,318
2400,23,323
2400,24,317
2400,25,316
2400,26,314
2400,27,320
2400,28,299
2400,29,304
2400,30,319
2400,31,307
2400,32,304
2400,33,310
2400,34,328
2400,35,316
2400,36,284
2400,37,272
2400,38,301
2400,39,287
2400,40,280
2400,41,298
2400,42,313
2400,43,290
2400,44,305
2400,45,333
2401,1,239
2401,2,237
2401,3,242
2401,4,240
2401,5,253
2401,6,249
2401,7,235
2401,8,239
2401,9,231
2401,10,242
2401,11,234
2401,12,293
2401,13,246
2401,14,223
2401,15,218
2401,16,210
2401,17,218
2401,18,226
2401,19,223
2401,20,217
2401,21,229
2401,22,224
2401,23,209
2401,24,217
2401,25,204
2401,26,216
2401,27,211
2401,28,238
2401,29,217
2401,30,207
2401,31,212
2401,32,210
2401,33,212
2401,34,193
2401,35,209
2401,36,174
2401,37,167
2401,38,192
2401,39,182
2401,40,179
2401,41,179
2401,42,185
2401,43,188
2401,44,197
2401,45,204
2900,1,122
2900,2,126
2900,3,122
2900,4,123
2900,5,131
2900,6,125
2900,7,117
2900,8,132
2900,9,118
2900,10,125
2900,11,115
2900,12,161
2900,13,118
2900,14,118
2900,15,114
2900,16,103
2900,17,114
2900,18,107
2900,19,110
2900,20,109
2900,21,105
2900,22,101
2900,23,93
2900,24,101
2900,25,110
2900,26,104
2900,27,99
2900,28,102
2900,29,111
2900,30,102
2900,31,103
2900,32,100
2900,33,100
2900,34,100
2900,35,100
2900,36,100
2900,37,94
2900,38,104
2900,39,108
2900,40,112
2900,41,117
2900,42,121
2900,43,108
2900,44,117
2900,45,133
2901,1,19
2901,2,21
2901,3,23
2901,4,19
2901,5,20
2901,6,23
2901,7,22
2901,8,22
2901,9,21
2901,10,23
2901,11,23
2901,12,22
2901,13,19
2901,14,23
2901,15,18
2901,16,17
2901,17,19
2901,18,15
2901,19,16
2901,20,16
2901,21,19
2901,22,16
2901,23,16
2901,24,17
2901,25,17
2901,26,14
2901,27,15
2902,1,172
2902,2,155
2902,3,161
2902,4,166
2902,5,160
2902,6,170
2902,7,163
2902,8,175
2902,9,163
2902,10,165
2902,11,172
2902,12,174
2902,13,165
2902,14,160
2902,15,159
2902,16,173
2902,17,159
2902,18,163
2902,19,150
2902,20,152
2902,21,152
2902,22,159
2902,23,153
2902,24,154
2902,25,156
2902,26,148
2902,27,147
2902,28,147
2902,29,148
2902,30,143
2902,31,153
2902,32,150
2902,33,157
2902,34,160
2902,35,159
2902,36,156
2902,37,154
2902,38,152
2902,39,151
2902,40,134
2902,41,163
2902,42,152
2902,43,139
2902,44,154
2902,45,144
2903,1,35
2903,2,34
2903,3,30
2903,4,37
2903,5,33
2903,6,35
2903,7,32
2903,8,30
2903,9,32
2903,10,33
2903,11,33
2903,12,40
2903,13,35
2903,14,28
2903,15,38
2903,16,36
2903,17,30
2903,18,33
2903,19,30
2903,20,27
2903,21,24
2903,22,30
2903,23,26
2903,24,29
2903,25,26
2903,26,28
2903,27,27
2903,28,26
2903,29,31
2903,30,26
2903,31,26
2903,32,25
2903,33,24
2903,34,33
2903,35,26
2903,36,26
2903,37,24
2903,38,30
2903,39,29
2903,40,32
2903,41,35
2903,42,32
2903,43,35
2903,44,34
2903,45,35
2904,1,67
2904,2,68
2904,3,58
2904,4,64
2904,5,65
2904,6,55
2904,7,52
2904,8,57
2904,9,55
2904,10,58
2904,11,66
2904,12,60
2904,13,50
2904,14,59
2904,15,53
2904,16,59
2904,17,59
2904,18,56
2904,19,62
2904,20,60
2904,21,60
2904,22,61
2904,23,54
2904,24,55
2904,25,56
2904,26,56
2904,27,50
2904,28,47
2904,29,50
2904,30,50
2904,31,52
2904,32,52
2904,33,55
2904,34,55
2904,35,53
2904,36,53
2904,37,57
2904,38,59
2904,39,52
2904,40,47
2904,41,61
2904,42,51
2904,43,56
2904,44,53
2904,45,50
2999,1,189
2999,2,196
2999,3,211
2999,4,190
2999,5,185
2999,6,187
2999,7,182
2999,8,192
2999,9,221
2999,10,205
2999,11,192
2999,12,244
2999,13,179
2999,14,207
2999,15,187
2999,16,212
2999,17,190
2999,18,200
2999,19,257
2999,20,225
2999,21,212
2999,22,218
2999,23,232
2999,24,231
2999,25,206
2999,26,197
2999,27,193
2999,28,196
2999,29,189
2999,30,193
2999,31,205
2999,32,170
2999,33,163
2999,34,176
2999,35,186
2999,36,180
2999,37,182
2999,38,188
2999,39,163
2999,40,165
2999,41,185
2999,42,181
2999,43,180
2999,44,164
2999,45,187
3000,1,74
3000,2,71
3000,3,76
3000,4,66
3000,5,71
3000,6,67
3000,7,54
3000,8,61
3000,9,61
3000,10,65
3000,11,63
3000,12,83
3000,13,62
3000,14,49
3000,15,53
3000,16,56
3000,17,56
3000,18,51
3000,19,50
3000,20,58
3000,21,65
3000,22,59
3000,23,71
3000,24,64
3000,25,54
3000,26,54
3000,27,47
3000,28,47
3000,29,50
3000,30,45
3000,31,48
3000,32,43
3000,33,52
3000,34,50
3000,35,47
3000,36,49
3000,37,49
3000,38,47
3000,39,49
3000,40,65
3000,41,55
3000,42,62
3000,43,47
3000,44,47
3000,45,55
3099,1,229
3099,2,271
3099,3,257
3099,4,241
3099,5,231
3099,6,223
3099,7,226
3099,8,220
3099,9,214
3099,10,224
3099,11,240
3099,12,268
3099,13,241
3099,14,212
3099,15,214
3099,16,189
3099,17,178
3099,18,188
3099,19,183
3099,20,189
3099,21,157
3099,22,128
3099,23,125
3099,24,130
3099,25,132
3099,26,142
3099,27,157
3099,28,168
3099,29,164
3099,30,158
3099,31,173
3099,32,154
3099,33,175
3099,34,163
3099,35,168
3099,36,148
3099,37,139
3099,38,159
3099,39,160
3099,40,168
3099,41,162
3099,42,169
3099,43,160
3099,44,156
3099,45,171
3100,1,134
3100,2,143
3100,3,130
3100,4,136
3100,5,136
3100,6,137
3100,7,129
3100,8,142
3100,9,127
3100,10,137
3100,11,127
3100,12,155
3100,13,147
3100,14,126
3100,15,135
3100,16,134
3100,17,126
3100,18,128
3100,19,119
3100,20,132
3100,21,122
3100,22,118
3100,23,118
3100,24,122
3100,25,137
3100,26,124
3100,27,132
3100,28,127
3100,29,130
3100,30,119
3100,31,134
3100,32,141
3100,33,141
3100,34,134
3100,35,136
3100,36,130
3100,37,132
3100,38,147
3100,39,139
3100,40,151
3100,41,146
3100,42,137
3100,43,135
3100,44,124
3100,45,140
3101,1,73
3101,2,50
3101,3,42
3101,4,51
3101,5,52
3101,6,41
3101,7,40
3101,8,47
3101,9,43
3101,10,35
3101,11,39
3101,12,53
3101,13,27
3101,14,31
3101,15,23
3101,16,28
3101,17,23
3101,18,24
3101,19,28
3101,20,28
3101,21,15
3101,22,17
3101,23,14
3101,24,18
3101,25,11
3101,26,16
3101,27,14
3101,28,13
3101,29,12
3101,30,14
3101,31,18
3101,32,16
3101,33,13
3101,34,12
3101,35,15
3101,36,19
3101,37,13
3101,38,16
3101,39,16
3101,40,13
3101,41,16
3101,42,18
3101,43,17
3101,44,15
3101,45,14
3102,1,53
3102,2,45
3102,3,36
3102,4,29
3102,5,31
3102,6,32
3102,7,25
3102,8,30
3102,9,25
3102,10,28
3102,11,24
3102,12,34
3102,13,29
3102,14,25
3102,15,38
3102,16,37
3102,17,46
3102,18,43
3102,19,44
3102,20,38
3102,21,38
3102,22,37
3102,23,36
3102,24,46
3102,25,46
3102,26,45
3102,27,44
3102,28,48
3102,29,47
3102,30,42
3102,31,39
3102,32,47
3102,33,51
3102,34,45
3102,35,45
3102,36,44
3102,37,45
3102,38,44
3102,39,50
3102,40,45
3102,41,47
3102,42,42
3102,43,37
3102,44,46
3102,45,42
3103,1,1
3103,4,1
3103,6,1
3103,8,1
3103,9,1
3103,10,1
3103,11,2
3103,12,1
3103,18,1
3103,21,1
3103,24,1
3103,27,1
3103,29,1
3103,30,1
3103,34,1
3103,41,1
3103,42,1
3104,1,183
3104,2,166
3104,3,165
3104,4,156
3104,5,164
3104,6,162
3104,7,158
3104,8,143
3104,9,163
3104,10,145
3104,11,142
3104,12,162
3104,13,140
3104,14,137
3104,15,146
3104,16,158
3104,17,142
3104,18,147
3104,19,144
3104,20,125
3104,21,131
3104,22,134
3104,23,134
3104,24,138
3104,25,129
3104,26,127
3104,27,131
3104,28,124
3104,29,131
3104,30,111
3104,31,127
3104,32,121
3104,33,133
3104,34,120
3104,35,130
3104,36,120
3104,37,118
3104,38,128
3104,39,128
3104,40,125
3104,41,125
3104,42,119
3104,43,125
3104,44,119
3104,45,125
3105,1,4
3105,2,5
3105,3,6
3105,4,5
3105,5,7
3105,6,5
3105,7,4
3105,8,5
3105,9,5
3105,10,4
3105,11,6
3105,12,5
3105,13,5
3105,14,4
3105,15,3
3105,16,6
3105,17,6
3105,18,5
3105,19,2
3105,20,2
3105,21,5
3105,22,3
3105,23,2
3105,24,1
3105,25,3
3105,26,2
3105,27,1
3105,28,1
3105,29,1
3105,30,1
3105,31,2
3105,32,2
3105,33,2
3105,34,2
3105,35,1
3105,36,1
3105,37,2
3105,38,1
3105,39,3
3105,40,1
3105,41,1
3105,42,2
3105,43,3
3105,44,1
3105,45,1
3107,1,7
3107,2,8
3107,3,6
3107,4,8
3107,5,6
3107,6,6
3107,7,3
3107,8,2
3107,9,6
3107,10,7
3107,11,4
3107,12,3
3107,13,11
3107,14,9
3107,15,7
3107,16,9
3107,17,9
3107,18,10
3107,19,7
3107,20,7
3107,21,8
3107,22,8
3107,23,6
3107,24,7
3107,25,7
3107,26,5
3107,27,5
3107,28,4
3107,29,6
3107,30,4
3107,31,5
3107,32,6
3107,33,5
3107,34,4
3107,35,5
3107,36,4
3107,37,6
3107,38,2
3107,39,3
3107,40,5
3107,41,4
3107,42,6
3107,43,3
3107,44,4
3107,45,3
3108,1,29
3108,2,27
3108,3,20
3108,4,19
3108,5,26
3108,6,27
3108,7,21
3108,8,17
3108,9,19
3108,10,22
3108,11,22
3108,12,25
3108,13,18
3108,14,21
3108,15,16
3108,16,18
3108,17,16
3108,18,24
3108,19,19
3108,20,16
3108,21,18
3108,22,16
3108,23,23
3108,24,20
3108,25,17
3108,26,14
3108,27,16
3108,28,20
3108,29,18
3108,30,11
3108,31,18
3108,32,17
3108,33,17
3108,34,16
3108,35,17
3108,36,18
3108,37,21
3108,38,17
3108,39,17
3108,40,14
3108,41,15
3108,42,14
3108,43,11
3108,44,12
3108,45,10
3109,1,99
3109,2,100
3109,3,89
3109,4,90
3109,5,92
3109,6,85
3109,7,76
3109,8,82
3109,9,70
3109,10,78
3109,11,77
3109,12,105
3109,13,82
3109,14,77
3109,15,81
3109,16,79
3109,17,76
3109,18,78
3109,19,70
3109,20,77
3109,21,72
3109,22,75
3109,23,72
3109,24,75
3109,25,67
3109,26,82
3109,27,67
3109,28,65
3109,29,69
3109,30,65
3109,31,63
3109,32,66
3109,33,75
3109,34,78
3109,35,73
3109,36,70
3109,37,76
3109,38,74
3109,39,76
3109,40,78
3109,41,78
3109,42,73
3109,43,75
3109,44,69
3109,45,69
3110,1,274
3110,2,269
3110,3,265
3110,4,255
3110,5,262
3110,6,249
3110,7,222
3110,8,223
3110,9,231
3110,10,228
3110,11,222
3110,12,295
3110,13,221
3110,14,248
3110,15,216
3110,16,207
3110,17,213
3110,18,254
3110,19,262
3110,20,247
3110,21,244
3110,22,218
3110,23,220
3110,24,194
3110,25,207
3110,26,202
3110,27,195
3110,28,177
3110,29,208
3110,30,193
3110,31,204
3110,32,200
3110,33,198
3110,34,175
3110,35,187
3110,36,160
3110,37,180
3110,38,178
3110,39,169
3110,40,151
3110,41,169
3110,42,145
3110,43,156
3110,44,156
3110,45,168
3111,1,1
3111,6,1
3111,11,1
3111,18,1
3111,21,1
3111,24,1
3111,29,2
3111,34,1
3111,41,2
3199,1,10
3199,2,7
3199,3,11
3199,4,11
3199,5,14
3199,6,14
3199,7,11
3199,8,9
3199,9,8
3199,10,9
3199,11,15
3199,12,30
3199,13,30
3199,14,34
3199,15,32
3199,16,29
3199,17,9
3199,18,29
3199,19,18
3199,20,10
3199,21,12
3199,22,16
3199,23,14
3199,24,16
3199,25,14
3199,26,14
3199,27,14
3199,28,13
3199,29,16
3199,30,11
3199,31,14
3199,32,14
3199,33,17
3199,34,19
3199,35,20
3199,36,15
3199,37,14
3199,38,14
3199,39,13
3199,40,13
3199,41,18
3199,42,15
3199,43,11
3199,44,11
3199,45,13
3200,1,454
3200,2,474
3200,3,447
3200,4,489
3200,5,461
3200,6,458
3200,7,432
3200,8,437
3200,9,411
3200,10,402
3200,11,415
3200,12,448
3200,13,368
3200,14,391
3200,15,388
3200,16,363
3200,17,385
3200,18,415
3200,19,403
3200,20,404
3200,21,398
3200,22,379
3200,23,412
3200,24,367
3200,25,370
3200,26,373
3200,27,381
3200,28,364
3200,29,355
3200,30,361
3200,31,359
3200,32,339
3200,33,381
3200,34,361
3200,35,376
3200,36,356
3200,37,364
3200,38,364
3200,39,380
3200,40,394
3200,41,396
3200,42,379
3200,43,382
3200,44,371
3200,45,382
3201,1,146
3201,2,149
3201,3,151
3201,4,152
3201,5,145
3201,6,167
3201,7,129
3201,8,117
3201,9,112
3201,10,102
3201,11,101
3201,12,120
3201,13,91
3201,14,113
3201,15,103
3201,16,108
3201,17,102
3201,18,108
3201,19,96
3201,20,89
3201,21,98
3201,22,93
3201,23,94
3201,24,96
3201,25,103
3201,26,94
3201,27,90
3201,28,104
3201,29,128
3201,30,116
3201,31,113
3201,32,105
3201,33,108
3201,34,100
3201,35,113
3201,36,100
3201,37,98
3201,38,108
3201,39,101
3201,40,82
3201,41,77
3201,42,84
3201,43,94
3201,44,90
3201,45,82
3202,1,57
3202,2,60
3202,3,50
3202,4,51
3202,5,58
3202,6,61
3202,7,63
3202,8,54
3202,9,68
3202,10,62
3202,11,60
3202,12,60
3202,13,72
3202,14,68
3202,15,58
3202,16,55
3202,17,53
3202,18,61
3202,19,60
3202,20,56
3202,21,69
3202,22,54
3202,23,58
3202,24,58
3202,25,55
3202,26,53
3202,27,57
3202,28,52
3202,29,57
3202,30,57
3202,31,49
3202,32,50
3202,33,59
3202,34,52
3202,35,51
3202,36,52
3202,37,49
3202,38,55
3202,39,45
3202,40,48
3202,41,62
3202,42,50
3202,43,53
3202,44,50
3202,45,53
3203,1,68
3203,2,74
3203,3,59
3203,4,65
3203,5,54
3203,6,50
3203,7,53
3203,8,46
3203,9,54
3203,10,57
3203,11,50
3203,12,64
3203,13,55
3203,14,58
3203,15,49
3203,16,51
3203,17,55
3203,18,51
3203,19,58
3203,20,61
3203,21,64
3203,22,52
3203,23,56
3203,24,54
3203,25,51
3203,26,43
3203,27,38
3203,28,38
3203,29,39
3203,30,50
3203,31,40
3203,32,35
3203,33,43
3203,34,44
3203,35,46
3203,36,41
3203,37,39
3203,38,40
3203,39,35
3203,40,47
3203,41,55
3203,42,43
3203,43,40
3203,44,34
3203,45,43
3299,1,689
3299,2,693
3299,3,663
3299,4,663
3299,5,697
3299,6,693
3299,7,657
3299,8,657
3299,9,642
3299,10,652
3299,11,679
3299,12,742
3299,13,631
3299,14,633
3299,15,598
3299,16,573
3299,17,591
3299,18,596
3299,19,611
3299,20,569
3299,21,559
3299,22,559
3299,23,593
3299,24,525
3299,25,554
3299,26,556
3299,27,506
3299,28,468
3299,29,485
3299,30,484
3299,31,486
3299,32,453
3299,33,484
3299,34,475
3299,35,472
3299,36,467
3299,37,466
3299,38,484
3299,39,464
3299,40,448
3299,41,446
3299,42,462
3299,43,466
3299,44,445
3299,45,459
4000,1,314
4000,2,312
4000,3,305
4000,4,330
4000,5,337
4000,6,324
4000,7,325
4000,8,316
4000,9,326
4000,10,325
4000,11,323
4000,12,439
4000,13,329
4000,14,314
4000,15,295
4000,16,300
4000,17,311
4000,18,308
4000,19,297
4000,20,304
4000,21,305
4000,22,308
4000,23,303
4000,24,309
4000,25,308
4000,26,299
4000,27,287
4000,28,294
4000,29,297
4000,30,269
4000,31,286
4000,32,262
4000,33,289
4000,34,287
4000,35,298
4000,36,275
4000,37,291
4000,38,296
4000,39,306
4000,40,282
4000,41,275
4000,42,280
4000,43,276
4000,44,286
4000,45,291
4001,1,132
4001,2,131
4001,3,133
4001,4,124
4001,5,117
4001,6,118
4001,7,136
4001,8,121
4001,9,136
4001,10,135
4001,11,123
4001,12,125
4001,13,130
4001,14,111
4001,15,121
4001,16,115
4001,17,112
4001,18,70
4001,19,76
4001,20,69
4001,21,77
4001,22,68
4001,23,71
4001,24,75
4001,25,68
4001,26,61
4001,27,68
4001,28,64
4001,29,61
4001,30,67
4001,31,58
4001,32,59
4001,33,63
4001,34,70
4001,35,62
4001,36,67
4001,37,61
4001,38,50
4001,39,52
4001,40,50
4001,41,52
4001,42,54
4001,43,52
4001,44,53
4001,45,46
4099,1,1450
4099,2,1446
4099,3,1426
4099,4,1439
4099,5,1526
4099,6,1538
4099,7,1462
4099,8,1483
4099,9,1450
4099,10,1470
4099,11,1442
4099,12,1790
4099,13,1496
4099,14,1481
4099,15,1465
4099,16,1459
4099,17,1480
4099,18,1521
4099,19,1512
4099,20,1443
4099,21,1421
4099,22,1428
4099,23,1493
4099,24,1401
4099,25,1419
4099,26,1417
4099,27,1399
4099,28,1377
4099,29,1369
4099,30,1387
4099,31,1365
4099,32,1367
4099,33,1439
4099,34,1330
4099,35,1359
4099,36,1317
4099,37,1380
4099,38,1402
4099,39,1411
4099,40,1411
4099,41,1418
4099,42,1416
4099,43,1426
4099,44,1428
4099,45,1434
4100,1,92
4100,2,98
4100,3,91
4100,4,91
4100,5,95
4100,6,101
4100,7,99
4100,8,110
4100,9,97
4100,10,98
4100,11,103
4100,12,114
4100,13,90
4100,14,96
4100,15,94
4100,16,91
4100,17,74
4100,18,83
4100,19,76
4100,20,83
4100,21,86
4100,22,82
4100,23,74
4100,24,76
4100,25,82
4100,26,82
4100,27,85
4100,28,69
4100,29,77
4100,30,78
4100,31,71
4100,32,78
4100,33,78
4100,34,74
4100,35,72
4100,36,66
4100,37,68
4100,38,65
4100,39,74
4100,40,80
4100,41,70
4100,42,72
4100,43,72
4100,44,74
4100,45,77
4101,1,698
4101,2,721
4101,3,723
4101,4,706
4101,5,732
4101,6,698
4101,7,681
4101,8,668
4101,9,678
4101,10,670
4101,11,644
4101,12,823
4101,13,726
4101,14,735
4101,15,731
4101,16,707
4101,17,717
4101,18,692
4101,19,701
4101,20,721
4101,21,726
4101,22,728
4101,23,724
4101,24,699
4101,25,712
4101,26,672
4101,27,669
4101,28,670
4101,29,665
4101,30,673
4101,31,657
4101,32,641
4101,33,676
4101,34,666
4101,35,667
4101,36,708
4101,37,704
4101,38,690
4101,39,667
4101,40,715
4101,41,689
4101,42,689
4101,43,670
4101,44,695
4101,45,692
4199,1,188
4199,2,203
4199,3,220
4199,4,208
4199,5,220
4199,6,225
4199,7,196
4199,8,205
4199,9,209
4199,10,224
4199,11,239
4199,12,278
4199,13,214
4199,14,204
4199,15,207
4199,16,198
4199,17,212
4199,18,187
4199,19,201
4199,20,222
4199,21,202
4199,22,217
4199,23,210
4199,24,222
4199,25,212
4199,26,202
4199,27,206
4199,28,193
4199,29,211
4199,30,215
4199,31,201
4199,32,200
4199,33,203
4199,34,211
4199,35,230
4199,36,220
4199,37,217
4199,38,232
4199,39,220
4199,40,237
4199,41,236
4199,42,247
4199,43,219
4199,44,226
4199,45,247
4200,1,469
4200,2,481
4200,3,433
4200,4,461
4200,5,481
4200,6,474
4200,7,440
4200,8,458
4200,9,448
4200,10,442
4200,11,458
4200,12,618
4200,13,431
4200,14,448
4200,15,409
4200,16,444
4200,17,445
4200,18,456
4200,19,447
4200,20,453
4200,21,432
4200,22,422
4200,23,422
4200,24,428
4200,25,408
4200,26,408
4200,27,402
4200,28,421
4200,29,403
4200,30,410
4200,31,398
4200,32,382
4200,33,439
4200,34,415
4200,35,414
4200,36,420
4200,37,395
4200,38,432
4200,39,431
4200,40,458
4200,41,442
4200,42,482
4200,43,429
4200,44,429
4200,45,430
4300,1,845
4300,2,900
4300,3,935
4300,4,900
4300,5,964
4300,6,969
4300,7,918
4300,8,914
4300,9,918
4300,10,911
4300,11,919
4300,12,1335
4300,13,884
4300,14,892
4300,15,897
4300,16,913
4300,17,928
4300,18,839
4300,19,933
4300,20,890
4300,21,875
4300,22,908
4300,23,895
4300,24,865
4300,25,903
4300,26,874
4300,27,876
4300,28,889
4300,29,859
4300,30,823
4300,31,832
4300,32,821
4300,33,845
4300,34,865
4300,35,850
4300,36,837
4300,37,860
4300,38,865
4300,39,922
4300,40,889
4300,41,879
4300,42,885
4300,43,880
4300,44,914
4300,45,916
4301,1,262
4301,2,277
4301,3,274
4301,4,271
4301,5,272
4301,6,272
4301,7,239
4301,8,256
4301,9,256
4301,10,250
4301,11,249
4301,12,323
4301,13,222
4301,14,232
4301,15,226
4301,16,223
4301,17,226
4301,18,189
4301,19,213
4301,20,198
4301,21,200
4301,22,183
4301,23,164
4301,24,161
4301,25,147
4301,26,161
4301,27,157
4301,28,158
4301,29,142
4301,30,148
4301,31,146
4301,32,142
4301,33,141
4301,34,136
4301,35,134
4301,36,141
4301,37,144
4301,38,140
4301,39,141
4301,40,133
4301,41,136
4301,42,139
4301,43,140
4301,44,128
4301,45,140
4302,1,278
4302,2,307
4302,3,314
4302,4,315
4302,5,330
4302,6,334
4302,7,305
4302,8,347
4302,9,337
4302,10,330
4302,11,353
4302,12,439
4302,13,294
4302,14,325
4302,15,317
4302,16,327
4302,17,298
4302,18,295
4302,19,313
4302,20,312
4302,21,295
4302,22,299
4302,23,294
4302,24,277
4302,25,294
4302,26,302
4302,27,270
4302,28,299
4302,29,281
4302,30,287
4302,31,299
4302,32,274
4302,33,310
4302,34,283
4302,35,310
4302,36,303
4302,37,292
4302,38,305
4302,39,314
4302,40,307
4302,41,308
4302,42,310
4302,43,293
4302,44,302
4302,45,317
4399,1,59
4399,2,65
4399,3,76
4399,4,92
4399,5,74
4399,6,78
4399,7,73
4399,8,79
4399,9,78
4399,10,67
4399,11,67
4399,12,76
4399,13,78
4399,14,68
4399,15,69
4399,16,69
4399,17,78
4399,18,79
4399,19,74
4399,20,89
4399,21,73
4399,22,77
4399,23,94
4399,24,93
4399,25,102
4399,26,96
4399,27,98
4399,28,95
4399,29,103
4399,30,119
4399,31,105
4399,32,103
4399,33,97
4399,34,110
4399,35,122
4399,36,119
4399,37,109
4399,38,94
4399,39,116
4399,40,106
4399,41,109
4399,42,109
4399,43,114
4399,44,100
4399,45,100
4400,1,1404
4400,2,1469
4400,3,1362
4400,4,1393
4400,5,1431
4400,6,1420
4400,7,1353
4400,8,1380
4400,9,1364
4400,10,1378
4400,11,1399
4400,12,2660
4400,13,1343
4400,14,1400
4400,15,1347
4400,16,1396
4400,17,1358
4400,18,1285
4400,19,1391
4400,20,1348
4400,21,1316
4400,22,1381
4400,23,1316
4400,24,1372
4400,25,1320
4400,26,1320
4400,27,1306
4400,28,1341
4400,29,1263
4400,30,1283
4400,31,1238
4400,32,1221
4400,33,1193
4400,34,1193
4400,35,1263
4400,36,1249
4400,37,1221
4400,38,1253
4400,39,1248
4400,40,1275
4400,41,1255
4400,42,1234
4400,43,1186
4400,44,1167
4400,45,1181
4401,1,145
4401,2,150
4401,3,140
4401,4,150
4401,5,142
4401,6,152
4401,7,136
4401,8,139
4401,9,135
4401,10,149
4401,11,154
4401,12,211
4401,13,162
4401,14,175
4401,15,151
4401,16,157
4401,17,178
4401,18,165
4401,19,181
4401,20,190
4401,21,182
4401,22,179
4401,23,182
4401,24,169
4401,25,170
4401,26,176
4401,27,159
4401,28,158
4401,29,151
4401,30,189
4401,31,198
4401,32,180
4401,33,186
4401,34,174
4401,35,207
4401,36,211
4401,37,208
4401,38,200
4401,39,192
4401,40,202
4401,41,218
4401,42,211
4401,43,208
4401,44,215
4401,45,219
4500,1,257
4500,2,285
4500,3,275
4500,4,260
4500,5,291
4500,6,299
4500,7,282
4500,8,268
4500,9,288
4500,10,314
4500,11,315
4500,12,363
4500,13,297
4500,14,288
4500,15,286
4500,16,295
4500,17,304
4500,18,301
4500,19,315
4500,20,309
4500,21,277
4500,22,314
4500,23,319
4500,24,296
4500,25,320
4500,26,322
4500,27,312
4500,28,322
4500,29,320
4500,30,331
4500,31,313
4500,32,308
4500,33,299
4500,34,304
4500,35,334
4500,36,329
4500,37,297
4500,38,317
4500,39,337
4500,40,335
4500,41,321
4500,42,340
4500,43,322
4500,44,350
4500,45,363
4900,1,197
4900,2,224
4900,3,230
4900,4,240
4900,5,241
4900,6,239
4900,7,225
4900,8,222
4900,9,234
4900,10,228
4900,11,225
4900,12,264
4900,13,235
4900,14,209
4900,15,213
4900,16,193
4900,17,195
4900,18,182
4900,19,189
4900,20,198
4900,21,180
4900,22,178
4900,23,183
4900,24,200
4900,25,181
4900,26,201
4900,27,187
4900,28,177
4900,29,173
4900,30,167
4900,31,185
4900,32,177
4900,33,176
4900,34,177
4900,35,190
4900,36,192
4900,37,203
4900,38,214
4900,39,205
4900,40,216
4900,41,207
4900,42,191
4900,43,195
4900,44,190
4900,45,194
4901,1,34
4901,2,39
4901,3,38
4901,4,40
4901,5,32
4901,6,37
4901,7,34
4901,8,32
4901,9,24
4901,10,30
4901,11,28
4901,12,28
4901,13,29
4901,14,30
4901,15,23
4901,16,26
4901,17,26
4901,18,26
4901,19,31
4901,20,30
4901,21,23
4901,22,28
4901,23,24
4901,24,24
4901,25,26
4901,26,30
4901,27,20
4901,28,28
4901,29,24
4901,30,22
4901,31,24
4901,32,19
4901,33,23
4901,34,35
4901,35,28
4901,36,26
4901,37,28
4901,38,34
4901,39,33
4901,40,31
4901,41,34
4901,42,36
4901,43,31
4901,44,31
4901,45,30
4999,1,1859
4999,2,1889
4999,3,1855
4999,4,1954
4999,5,1956
4999,6,2045
4999,7,1875
4999,8,1876
4999,9,1863
4999,10,1915
4999,11,1888
4999,12,2948
4999,13,1959
4999,14,1863
4999,15,1847
4999,16,1857
4999,17,1885
4999,18,1840
4999,19,1953
4999,20,1859
4999,21,1923
4999,22,1882
4999,23,1884
4999,24,1906
4999,25,1895
4999,26,1932
4999,27,1854
4999,28,1846
4999,29,1834
4999,30,1837
4999,31,1815
4999,32,1781
4999,33,1888
4999,34,1876
4999,35,1911
4999,36,2003
4999,37,2019
4999,38,2078
4999,39,2159
4999,40,2102
4999,41,2149
4999,42,2119
4999,43,2157
4999,44,2195
4999,45,2255
9000,1,25
9000,2,27
9000,3,28
9000,4,26
9000,5,32
9000,6,31
9000,7,30
9000,8,30
9000,9,29
9000,10,29
9000,11,23
9000,12,41
9000,13,25
9000,14,23
9000,15,18
9000,16,28
9000,17,25
9000,18,24
9000,19,25
9000,20,30
9000,21,25
9000,22,29
9000,23,25
9000,24,27
9000,25,16
9000,26,20
9000,27,18
9000,28,21
9000,29,21
9000,30,17
9000,31,19
9000,32,17
9000,33,19
9000,34,14
9000,35,15
9000,36,22
9000,37,18
9000,38,17
9000,39,20
9000,40,22
9000,41,20
9000,42,23
9000,43,14
9000,44,18
9000,45,22
9001,1,416
9001,2,437
9001,3,422
9001,4,418
9001,5,418
9001,6,421
9001,7,409
9001,8,394
9001,9,380
9001,10,382
9001,11,411
9001,12,662
9001,13,396
9001,14,381
9001,15,365
9001,16,391
9001,17,401
9001,18,391
9001,19,422
9001,20,414
9001,21,402
9001,22,402
9001,23,419
9001,24,437
9001,25,428
9001,26,438
9001,27,448
9001,28,433
9001,29,429
9001,30,432
9001,31,408
9001,32,401
9001,33,414
9001,34,441
9001,35,472
9001,36,454
9001,37,452
9001,38,454
9001,39,461
9001,40,479
9001,41,488
9001,42,494
9001,43,456
9001,44,459
9001,45,462
9100,1,126
9100,2,135
9100,3,142
9100,4,145
9100,5,147
9100,6,158
9100,7,143
9100,8,147
9100,9,154
9100,10,152
9100,11,143
9100,12,260
9100,13,153
9100,14,151
9100,15,143
9100,16,157
9100,17,152
9100,18,141
9100,19,169
9100,20,165
9100,21,157
9100,22,156
9100,23,153
9100,24,160
9100,25,139
9100,26,143
9100,27,133
9100,28,125
9100,29,140
9100,30,135
9100,31,140
9100,32,122
9100,33,134
9100,34,128
9100,35,133
9100,36,150
9100,37,146
9100,38,137
9100,39,151
9100,40,148
9100,41,148
9100,42,155
9100,43,142
9100,44,122
9100,45,138
9200,1,170
9200,2,172
9200,3,183
9200,4,192
9200,5,183
9200,6,200
9200,7,193
9200,8,201
9200,9,185
9200,10,187
9200,11,197
9200,12,289
9200,13,176
9200,14,173
9200,15,182
9200,16,183
9200,17,186
9200,18,182
9200,19,209
9200,20,178
9200,21,175
9200,22,173
9200,23,204
9200,24,192
9200,25,184
9200,26,186
9200,27,194
9200,28,190
9200,29,199
9200,30,185
9200,31,163
9200,32,156
9200,33,166
9200,34,179
9200,35,163
9200,36,182
9200,37,188
9200,38,179
9200,39,207
9200,40,190
9200,41,195
9200,42,208
9200,43,175
9200,44,194
9200,45,211
9999,1,607
9999,2,647
9999,3,625
9999,4,617
9999,5,664
9999,6,616
9999,7,634
9999,8,602
9999,9,597
9999,10,584
9999,11,608
9999,12,672
9999,13,574
9999,14,619
9999,15,572
9999,16,574
9999,17,621
9999,18,568
9999,19,547
9999,20,623
9999,21,569
9999,22,570
9999,23,585
9999,24,551
9999,25,574
9999,26,557
9999,27,575
9999,28,555
9999,29,558
9999,30,549
9999,31,536
9999,32,536
9999,33,577
9999,34,566
9999,35,587
9999,36,642
9999,37,658
9999,38,624
9999,39,630
9999,40,640
9999,41,631
9999,42,659
9999,43,623
9999,44,616
9999,45,643
