category_low_id,week_num,region,cv_cnt
1000,1,Niigata,107
1000,1,Tokyo,1196
1000,2,Niigata,115
1000,2,Tokyo,1189
1000,3,Niigata,108
1000,3,Tokyo,1107
1000,4,Niigata,102
1000,4,Tokyo,1096
1000,5,Niigata,151
1000,5,Tokyo,1116
1000,6,Niigata,192
1000,6,Tokyo,1145
1000,7,Niigata,185
1000,7,Tokyo,894
1000,8,Niigata,158
1000,8,Tokyo,844
1000,9,Niigata,171
1000,9,Tokyo,844
1000,10,Niigata,183
1000,10,Tokyo,847
1000,11,Niigata,164
1000,11,Tokyo,764
1000,12,Niigata,131
1000,12,Tokyo,769
1000,13,Niigata,138
1000,13,Tokyo,773
1000,14,Niigata,170
1000,14,Tokyo,882
1000,15,Niigata,152
1000,15,Tokyo,835
1000,16,Niigata,140
1000,16,Tokyo,767
1000,17,Niigata,144
1000,17,Tokyo,808
1000,18,Niigata,149
1000,18,Tokyo,829
1000,19,Niigata,222
1000,19,Tokyo,876
1000,20,Niigata,214
1000,20,Tokyo,883
1000,21,Niigata,162
1000,21,Tokyo,749
1000,22,Niigata,157
1000,22,Tokyo,801
1000,23,Niigata,129
1000,23,Tokyo,812
1000,24,Niigata,135
1000,24,Tokyo,766
1000,25,Niigata,128
1000,25,Tokyo,666
1000,26,Niigata,112
1000,26,Tokyo,644
1000,27,Niigata,138
1000,27,Tokyo,587
1000,28,Niigata,112
1000,28,Tokyo,596
1000,29,Niigata,99
1000,29,Tokyo,576
1000,30,Niigata,87
1000,30,Tokyo,612
1000,31,Niigata,114
1000,31,Tokyo,588
1000,32,Niigata,121
1000,32,Tokyo,555
1000,33,Niigata,139
1000,33,Tokyo,672
1000,34,Niigata,124
1000,34,Tokyo,641
1000,35,Niigata,147
1000,35,Tokyo,666
1000,36,Niigata,117
1000,36,Tokyo,696
1000,37,Niigata,116
1000,37,Tokyo,689
1000,38,Niigata,195
1000,38,Tokyo,793
1000,39,Niigata,124
1000,39,Tokyo,679
1000,40,Niigata,141
1000,40,Tokyo,753
1000,41,Niigata,118
1000,41,Tokyo,724
1000,42,Niigata,119
1000,42,Tokyo,688
1000,43,Niigata,92
1000,43,Tokyo,665
1000,44,Niigata,77
1000,44,Tokyo,567
1000,45,Niigata,88
1000,45,Tokyo,664
1000,46,Niigata,68
1000,46,Tokyo,557
1001,1,Niigata,37
1001,1,Tokyo,3115
1001,2,Niigata,29
1001,2,Tokyo,2868
1001,3,Niigata,21
1001,3,Tokyo,2644
1001,4,Niigata,32
1001,4,Tokyo,2494
1001,5,Niigata,25
1001,5,Tokyo,2349
1001,6,Niigata,30
1001,6,Tokyo,2319
1001,7,Niigata,20
1001,7,Tokyo,2269
1001,8,Niigata,12
1001,8,Tokyo,2312
1001,9,Niigata,22
1001,9,Tokyo,2216
1001,10,Niigata,25
1001,10,Tokyo,2280
1001,11,Niigata,15
1001,11,Tokyo,2228
1001,12,Niigata,23
1001,12,Tokyo,2342
1001,13,Niigata,19
1001,13,Tokyo,2211
1001,14,Niigata,19
1001,14,Tokyo,1967
1001,15,Niigata,8
1001,15,Tokyo,1659
1001,16,Niigata,10
1001,16,Tokyo,1708
1001,17,Niigata,14
1001,17,Tokyo,1512
1001,18,Niigata,9
1001,18,Tokyo,1661
1001,19,Niigata,10
1001,19,Tokyo,1781
1001,20,Niigata,11
1001,20,Tokyo,1895
1001,21,Niigata,12
1001,21,Tokyo,1919
1001,22,Niigata,12
1001,22,Tokyo,1938
1001,23,Niigata,13
1001,23,Tokyo,2048
1001,24,Niigata,19
1001,24,Tokyo,2122
1001,25,Niigata,6
1001,25,Tokyo,2239
1001,26,Niigata,15
1001,26,Tokyo,2252
1001,27,Niigata,23
1001,27,Tokyo,1902
1001,28,Niigata,9
1001,28,Tokyo,1730
1001,29,Niigata,9
1001,29,Tokyo,1959
1001,30,Niigata,12
1001,30,Tokyo,2043
1001,31,Niigata,11
1001,31,Tokyo,1892
1001,32,Niigata,11
1001,32,Tokyo,1653
1001,33,Niigata,20
1001,33,Tokyo,2440
1001,34,Niigata,7
1001,34,Tokyo,1890
1001,35,Niigata,12
1001,35,Tokyo,2064
1001,36,Niigata,10
1001,36,Tokyo,1975
1001,37,Niigata,11
1001,37,Tokyo,1893
1001,38,Niigata,12
1001,38,Tokyo,1999
1001,39,Niigata,6
1001,39,Tokyo,1836
1001,40,Niigata,15
1001,40,Tokyo,1711
1001,41,Niigata,19
1001,41,Tokyo,1837
1001,42,Niigata,18
1001,42,Tokyo,1767
1001,43,Niigata,14
1001,43,Tokyo,1807
1001,44,Niigata,12
1001,44,Tokyo,1720
1001,45,Niigata,9
1001,45,Tokyo,2040
1001,46,Niigata,14
1001,46,Tokyo,1763
1002,1,Niigata,2
1002,3,Niigata,3
1002,5,Niigata,1
1002,7,Niigata,4
1002,8,Niigata,5
1002,9,Niigata,2
1002,10,Niigata,2
1002,11,Niigata,4
1002,12,Niigata,2
1002,14,Niigata,2
1002,15,Niigata,4
1002,16,Niigata,2
1002,17,Niigata,7
1002,17,Tokyo,2
1002,18,Niigata,2
1002,18,Tokyo,1
1002,19,Niigata,7
1002,20,Tokyo,1
1002,21,Niigata,2
1002,21,Tokyo,1
1002,22,Niigata,1
1002,22,Tokyo,1
1002,23,Niigata,4
1002,23,Tokyo,2
1002,24,Niigata,2
1002,25,Tokyo,1
1002,27,Tokyo,2
1002,28,Tokyo,2
1002,29,Tokyo,4
1002,30,Niigata,1
1002,30,Tokyo,4
1002,31,Tokyo,3
1002,32,Niigata,1
1002,32,Tokyo,1
1002,33,Tokyo,1
1002,35,Niigata,4
1002,36,Niigata,1
1002,36,Tokyo,3
1002,37,Tokyo,4
1002,38,Niigata,2
1002,38,Tokyo,2
1002,39,Tokyo,1
1002,41,Tokyo,2
1002,42,Tokyo,2
1002,43,Niigata,2
1002,43,Tokyo,4
1002,44,Tokyo,3
1002,45,Niigata,1
1002,45,Tokyo,5
1002,46,Niigata,4
1003,1,Niigata,341
1003,1,Tokyo,15
1003,2,Niigata,280
1003,2,Tokyo,12
1003,3,Niigata,260
1003,3,Tokyo,18
1003,4,Niigata,206
1003,4,Tokyo,11
1003,5,Niigata,309
1003,5,Tokyo,15
1003,6,Niigata,330
1003,6,Tokyo,15
1003,7,Niigata,1986
1003,7,Tokyo,12
1003,8,Niigata,1695
1003,8,Tokyo,10
1003,9,Niigata,926
1003,9,Tokyo,15
1003,10,Niigata,813
1003,10,Tokyo,22
1003,11,Niigata,603
1003,11,Tokyo,21
1003,12,Niigata,498
1003,12,Tokyo,20
1003,13,Niigata,457
1003,13,Tokyo,23
1003,14,Niigata,360
1003,14,Tokyo,22
1003,15,Niigata,267
1003,15,Tokyo,19
1003,16,Niigata,276
1003,16,Tokyo,22
1003,17,Niigata,237
1003,17,Tokyo,35
1003,18,Niigata,272
1003,18,Tokyo,29
1003,19,Niigata,319
1003,19,Tokyo,36
1003,20,Niigata,274
1003,20,Tokyo,42
1003,21,Niigata,272
1003,21,Tokyo,24
1003,22,Niigata,259
1003,22,Tokyo,45
1003,23,Niigata,270
1003,23,Tokyo,40
1003,24,Niigata,275
1003,24,Tokyo,44
1003,25,Niigata,296
1003,25,Tokyo,75
1003,26,Niigata,264
1003,26,Tokyo,78
1003,27,Niigata,226
1003,27,Tokyo,66
1003,28,Niigata,214
1003,28,Tokyo,61
1003,29,Niigata,264
1003,29,Tokyo,60
1003,30,Niigata,258
1003,30,Tokyo,45
1003,31,Niigata,240
1003,31,Tokyo,52
1003,32,Niigata,210
1003,32,Tokyo,41
1003,33,Niigata,280
1003,33,Tokyo,87
1003,34,Niigata,247
1003,34,Tokyo,67
1003,35,Niigata,227
1003,35,Tokyo,86
1003,36,Niigata,222
1003,36,Tokyo,48
1003,37,Niigata,235
1003,37,Tokyo,70
1003,38,Niigata,223
1003,38,Tokyo,58
1003,39,Niigata,225
1003,39,Tokyo,54
1003,40,Niigata,230
1003,40,Tokyo,62
1003,41,Niigata,240
1003,41,Tokyo,65
1003,42,Niigata,235
1003,42,Tokyo,63
1003,43,Niigata,232
1003,43,Tokyo,124
1003,44,Niigata,165
1003,44,Tokyo,152
1003,45,Niigata,243
1003,45,Tokyo,126
1003,46,Niigata,169
1003,46,Tokyo,96
1100,1,Niigata,138
1100,1,Tokyo,1801
1100,2,Niigata,154
1100,2,Tokyo,2150
1100,3,Niigata,120
1100,3,Tokyo,2176
1100,4,Niigata,154
1100,4,Tokyo,1685
1100,5,Niigata,170
1100,5,Tokyo,1706
1100,6,Niigata,150
1100,6,Tokyo,1519
1100,7,Niigata,140
1100,7,Tokyo,1431
1100,8,Niigata,181
1100,8,Tokyo,1487
1100,9,Niigata,180
1100,9,Tokyo,1606
1100,10,Niigata,171
1100,10,Tokyo,1460
1100,11,Niigata,167
1100,11,Tokyo,1259
1100,12,Niigata,151
1100,12,Tokyo,1364
1100,13,Niigata,167
1100,13,Tokyo,1282
1100,14,Niigata,157
1100,14,Tokyo,1600
1100,15,Niigata,149
1100,15,Tokyo,1201
1100,16,Niigata,151
1100,16,Tokyo,1295
1100,17,Niigata,174
1100,17,Tokyo,1490
1100,18,Niigata,108
1100,18,Tokyo,1592
1100,19,Niigata,163
1100,19,Tokyo,1943
1100,20,Niigata,129
1100,20,Tokyo,1902
1100,21,Niigata,131
1100,21,Tokyo,1764
1100,22,Niigata,137
1100,22,Tokyo,1661
1100,23,Niigata,110
1100,23,Tokyo,1583
1100,24,Niigata,110
1100,24,Tokyo,1518
1100,25,Niigata,111
1100,25,Tokyo,1414
1100,26,Niigata,135
1100,26,Tokyo,1292
1100,27,Niigata,118
1100,27,Tokyo,1253
1100,28,Niigata,148
1100,28,Tokyo,1096
1100,29,Niigata,138
1100,29,Tokyo,1034
1100,30,Niigata,136
1100,30,Tokyo,1014
1100,31,Niigata,116
1100,31,Tokyo,1309
1100,32,Niigata,134
1100,32,Tokyo,1192
1100,33,Niigata,128
1100,33,Tokyo,1266
1100,34,Niigata,129
1100,34,Tokyo,1120
1100,35,Niigata,154
1100,35,Tokyo,1431
1100,36,Niigata,162
1100,36,Tokyo,1756
1100,37,Niigata,133
1100,37,Tokyo,1333
1100,38,Niigata,133
1100,38,Tokyo,1196
1100,39,Niigata,178
1100,39,Tokyo,1539
1100,40,Niigata,128
1100,40,Tokyo,1562
1100,41,Niigata,95
1100,41,Tokyo,1348
1100,42,Niigata,120
1100,42,Tokyo,1240
1100,43,Niigata,149
1100,43,Tokyo,1250
1100,44,Niigata,136
1100,44,Tokyo,1226
1100,45,Niigata,148
1100,45,Tokyo,1345
1100,46,Niigata,118
1100,46,Tokyo,1227
1101,1,Niigata,35
1101,1,Tokyo,1471
1101,2,Niigata,34
1101,2,Tokyo,2058
1101,3,Niigata,33
1101,3,Tokyo,1479
1101,4,Niigata,56
1101,4,Tokyo,1056
1101,5,Niigata,48
1101,5,Tokyo,1140
1101,6,Niigata,44
1101,6,Tokyo,1046
1101,7,Niigata,37
1101,7,Tokyo,1155
1101,8,Niigata,33
1101,8,Tokyo,2161
1101,9,Niigata,38
1101,9,Tokyo,1562
1101,10,Niigata,39
1101,10,Tokyo,1518
1101,11,Niigata,41
1101,11,Tokyo,1717
1101,12,Niigata,36
1101,12,Tokyo,1899
1101,13,Niigata,43
1101,13,Tokyo,1785
1101,14,Niigata,44
1101,14,Tokyo,1717
1101,15,Niigata,42
1101,15,Tokyo,1498
1101,16,Niigata,37
1101,16,Tokyo,1311
1101,17,Niigata,41
1101,17,Tokyo,1308
1101,18,Niigata,38
1101,18,Tokyo,1359
1101,19,Niigata,38
1101,19,Tokyo,1555
1101,20,Niigata,38
1101,20,Tokyo,1623
1101,21,Niigata,42
1101,21,Tokyo,1871
1101,22,Niigata,34
1101,22,Tokyo,1382
1101,23,Niigata,33
1101,23,Tokyo,1333
1101,24,Niigata,30
1101,24,Tokyo,1327
1101,25,Niigata,43
1101,25,Tokyo,1559
1101,26,Niigata,36
1101,26,Tokyo,1360
1101,27,Niigata,38
1101,27,Tokyo,1042
1101,28,Niigata,41
1101,28,Tokyo,1073
1101,29,Niigata,35
1101,29,Tokyo,1135
1101,30,Niigata,39
1101,30,Tokyo,1047
1101,31,Niigata,38
1101,31,Tokyo,1114
1101,32,Niigata,38
1101,32,Tokyo,952
1101,33,Niigata,46
1101,33,Tokyo,1181
1101,34,Niigata,33
1101,34,Tokyo,1555
1101,35,Niigata,40
1101,35,Tokyo,1211
1101,36,Niigata,49
1101,36,Tokyo,1240
1101,37,Niigata,37
1101,37,Tokyo,1434
1101,38,Niigata,42
1101,38,Tokyo,2027
1101,39,Niigata,43
1101,39,Tokyo,1414
1101,40,Niigata,24
1101,40,Tokyo,1451
1101,41,Niigata,44
1101,41,Tokyo,1409
1101,42,Niigata,29
1101,42,Tokyo,1975
1101,43,Niigata,42
1101,43,Tokyo,2312
1101,44,Niigata,48
1101,44,Tokyo,1443
1101,45,Niigata,30
1101,45,Tokyo,1832
1101,46,Niigata,48
1101,46,Tokyo,2060
1102,1,Niigata,8
1102,1,Tokyo,489
1102,2,Niigata,11
1102,2,Tokyo,565
1102,3,Niigata,12
1102,3,Tokyo,441
1102,4,Niigata,13
1102,4,Tokyo,445
1102,5,Niigata,8
1102,5,Tokyo,477
1102,6,Niigata,11
1102,6,Tokyo,408
1102,7,Niigata,16
1102,7,Tokyo,369
1102,8,Niigata,10
1102,8,Tokyo,410
1102,9,Niigata,14
1102,9,Tokyo,385
1102,10,Niigata,11
1102,10,Tokyo,362
1102,11,Niigata,12
1102,11,Tokyo,340
1102,12,Niigata,18
1102,12,Tokyo,328
1102,13,Niigata,9
1102,13,Tokyo,392
1102,14,Niigata,9
1102,14,Tokyo,354
1102,15,Niigata,5
1102,15,Tokyo,335
1102,16,Niigata,9
1102,16,Tokyo,315
1102,17,Niigata,7
1102,17,Tokyo,305
1102,18,Niigata,11
1102,18,Tokyo,314
1102,19,Niigata,11
1102,19,Tokyo,319
1102,20,Niigata,16
1102,20,Tokyo,341
1102,21,Niigata,10
1102,21,Tokyo,386
1102,22,Niigata,15
1102,22,Tokyo,360
1102,23,Niigata,15
1102,23,Tokyo,362
1102,24,Niigata,8
1102,24,Tokyo,361
1102,25,Niigata,12
1102,25,Tokyo,415
1102,26,Niigata,15
1102,26,Tokyo,370
1102,27,Niigata,4
1102,27,Tokyo,348
1102,28,Niigata,11
1102,28,Tokyo,329
1102,29,Niigata,2
1102,29,Tokyo,345
1102,30,Niigata,7
1102,30,Tokyo,344
1102,31,Niigata,10
1102,31,Tokyo,324
1102,32,Niigata,5
1102,32,Tokyo,295
1102,33,Niigata,6
1102,33,Tokyo,310
1102,34,Niigata,14
1102,34,Tokyo,350
1102,35,Niigata,4
1102,35,Tokyo,346
1102,36,Niigata,12
1102,36,Tokyo,384
1102,37,Niigata,13
1102,37,Tokyo,385
1102,38,Niigata,6
1102,38,Tokyo,419
1102,39,Niigata,23
1102,39,Tokyo,378
1102,40,Niigata,23
1102,40,Tokyo,325
1102,41,Niigata,26
1102,41,Tokyo,366
1102,42,Niigata,24
1102,42,Tokyo,373
1102,43,Niigata,29
1102,43,Tokyo,340
1102,44,Niigata,36
1102,44,Tokyo,334
1102,45,Niigata,35
1102,45,Tokyo,326
1102,46,Niigata,26
1102,46,Tokyo,332
1201,1,Niigata,163
1201,2,Niigata,219
1201,2,Tokyo,1
1201,3,Niigata,205
1201,4,Niigata,228
1201,5,Niigata,240
1201,6,Niigata,244
1201,6,Tokyo,1
1201,7,Niigata,222
1201,8,Niigata,270
1201,9,Niigata,245
1201,10,Niigata,310
1201,11,Niigata,302
1201,11,Tokyo,1
1201,12,Niigata,292
1201,13,Niigata,230
1201,14,Niigata,158
1201,15,Niigata,163
1201,16,Niigata,132
1201,17,Niigata,114
1201,18,Niigata,90
1201,19,Niigata,106
1201,20,Niigata,141
1201,21,Niigata,143
1201,22,Niigata,100
1201,23,Niigata,117
1201,24,Niigata,136
1201,25,Niigata,134
1201,26,Niigata,146
1201,27,Niigata,128
1201,28,Niigata,124
1201,29,Niigata,109
1201,30,Niigata,121
1201,31,Niigata,89
1201,32,Niigata,95
1201,33,Niigata,107
1201,34,Niigata,125
1201,35,Niigata,141
1201,36,Niigata,116
1201,37,Niigata,101
1201,38,Niigata,104
1201,39,Niigata,121
1201,40,Niigata,87
1201,41,Niigata,75
1201,42,Niigata,91
1201,43,Niigata,86
1201,44,Niigata,62
1201,45,Niigata,86
1201,46,Niigata,89
1202,1,Niigata,177
1202,2,Niigata,210
1202,3,Niigata,209
1202,4,Niigata,160
1202,5,Niigata,221
1202,6,Niigata,200
1202,7,Niigata,167
1202,8,Niigata,178
1202,9,Niigata,198
1202,10,Niigata,219
1202,11,Niigata,216
1202,11,Tokyo,17
1202,12,Niigata,238
1202,12,Tokyo,25
1202,13,Niigata,225
1202,13,Tokyo,28
1202,14,Niigata,192
1202,14,Tokyo,24
1202,15,Niigata,190
1202,15,Tokyo,14
1202,16,Niigata,203
1202,16,Tokyo,13
1202,17,Niigata,187
1202,17,Tokyo,3
1202,18,Niigata,207
1202,18,Tokyo,2
1202,19,Niigata,205
1202,19,Tokyo,1
1202,20,Niigata,232
1202,20,Tokyo,10
1202,21,Niigata,205
1202,21,Tokyo,6
1202,22,Niigata,227
1202,22,Tokyo,5
1202,23,Niigata,274
1202,23,Tokyo,11
1202,24,Niigata,275
1202,24,Tokyo,5
1202,25,Niigata,243
1202,25,Tokyo,7
1202,26,Niigata,147
1202,26,Tokyo,11
1202,27,Niigata,135
1202,27,Tokyo,3
1202,28,Niigata,109
1202,28,Tokyo,3
1202,29,Niigata,129
1202,29,Tokyo,5
1202,30,Niigata,98
1202,30,Tokyo,8
1202,31,Niigata,103
1202,31,Tokyo,5
1202,32,Niigata,89
1202,32,Tokyo,10
1202,33,Niigata,103
1202,33,Tokyo,4
1202,34,Niigata,118
1202,34,Tokyo,11
1202,35,Niigata,93
1202,35,Tokyo,12
1202,36,Niigata,110
1202,36,Tokyo,5
1202,37,Niigata,137
1202,37,Tokyo,10
1202,38,Niigata,135
1202,38,Tokyo,11
1202,39,Niigata,118
1202,39,Tokyo,5
1202,40,Niigata,108
1202,40,Tokyo,11
1202,41,Niigata,109
1202,41,Tokyo,7
1202,42,Niigata,131
1202,42,Tokyo,6
1202,43,Niigata,100
1202,43,Tokyo,11
1202,44,Niigata,101
1202,44,Tokyo,4
1202,45,Niigata,113
1202,45,Tokyo,5
1202,46,Niigata,89
1202,46,Tokyo,7
1999,1,Niigata,13
1999,2,Niigata,32
1999,2,Tokyo,2
1999,3,Niigata,20
1999,3,Tokyo,1
1999,4,Niigata,25
1999,4,Tokyo,2
1999,5,Niigata,35
1999,5,Tokyo,2
1999,6,Niigata,32
1999,7,Niigata,38
1999,7,Tokyo,2
1999,8,Niigata,17
1999,8,Tokyo,1
1999,9,Niigata,22
1999,10,Niigata,28
1999,10,Tokyo,2
1999,11,Niigata,15
1999,11,Tokyo,1
1999,12,Niigata,21
1999,12,Tokyo,1
1999,13,Niigata,21
1999,14,Niigata,24
1999,14,Tokyo,621
1999,15,Niigata,21
1999,15,Tokyo,286
1999,16,Niigata,21
1999,16,Tokyo,597
1999,17,Niigata,20
1999,17,Tokyo,151
1999,18,Niigata,17
1999,18,Tokyo,80
1999,19,Niigata,27
1999,19,Tokyo,87
1999,20,Niigata,28
1999,20,Tokyo,87
1999,21,Niigata,20
1999,21,Tokyo,205
1999,22,Niigata,19
1999,22,Tokyo,187
1999,23,Niigata,30
1999,23,Tokyo,255
1999,24,Niigata,32
1999,24,Tokyo,213
1999,25,Niigata,23
1999,25,Tokyo,129
1999,26,Niigata,31
1999,26,Tokyo,72
1999,27,Niigata,34
1999,27,Tokyo,100
1999,28,Niigata,31
1999,28,Tokyo,107
1999,29,Niigata,19
1999,29,Tokyo,111
1999,30,Niigata,29
1999,30,Tokyo,115
1999,31,Niigata,31
1999,31,Tokyo,233
1999,32,Niigata,21
1999,32,Tokyo,243
1999,33,Niigata,27
1999,33,Tokyo,262
1999,34,Niigata,23
1999,34,Tokyo,270
1999,35,Niigata,34
1999,35,Tokyo,530
1999,36,Niigata,39
1999,36,Tokyo,577
1999,37,Niigata,36
1999,37,Tokyo,517
1999,38,Niigata,29
1999,38,Tokyo,320
1999,39,Niigata,28
1999,39,Tokyo,402
1999,40,Niigata,39
1999,40,Tokyo,418
1999,41,Niigata,17
1999,41,Tokyo,602
1999,42,Niigata,43
1999,42,Tokyo,556
1999,43,Niigata,38
1999,43,Tokyo,813
1999,44,Niigata,29
1999,44,Tokyo,1058
1999,45,Niigata,33
1999,45,Tokyo,1466
1999,46,Niigata,26
1999,46,Tokyo,1258
2000,1,Niigata,256
2000,1,Tokyo,842
2000,2,Niigata,284
2000,2,Tokyo,635
2000,3,Niigata,395
2000,3,Tokyo,496
2000,4,Niigata,353
2000,4,Tokyo,522
2000,5,Niigata,253
2000,5,Tokyo,483
2000,6,Niigata,302
2000,6,Tokyo,669
2000,7,Niigata,244
2000,7,Tokyo,592
2000,8,Niigata,253
2000,8,Tokyo,693
2000,9,Niigata,297
2000,9,Tokyo,834
2000,10,Niigata,370
2000,10,Tokyo,531
2000,11,Niigata,256
2000,11,Tokyo,675
2000,12,Niigata,372
2000,12,Tokyo,1047
2000,13,Niigata,268
2000,13,Tokyo,1111
2000,14,Niigata,278
2000,14,Tokyo,824
2000,15,Niigata,236
2000,15,Tokyo,810
2000,16,Niigata,260
2000,16,Tokyo,582
2000,17,Niigata,216
2000,17,Tokyo,692
2000,18,Niigata,271
2000,18,Tokyo,362
2000,19,Niigata,201
2000,19,Tokyo,620
2000,20,Niigata,220
2000,20,Tokyo,498
2000,21,Niigata,247
2000,21,Tokyo,549
2000,22,Niigata,310
2000,22,Tokyo,765
2000,23,Niigata,265
2000,23,Tokyo,568
2000,24,Niigata,267
2000,24,Tokyo,607
2000,25,Niigata,342
2000,25,Tokyo,636
2000,26,Niigata,349
2000,26,Tokyo,671
2000,27,Niigata,407
2000,27,Tokyo,604
2000,28,Niigata,233
2000,28,Tokyo,485
2000,29,Niigata,280
2000,29,Tokyo,681
2000,30,Niigata,194
2000,30,Tokyo,831
2000,31,Niigata,347
2000,31,Tokyo,688
2000,32,Niigata,177
2000,32,Tokyo,591
2000,33,Niigata,196
2000,33,Tokyo,611
2000,34,Niigata,189
2000,34,Tokyo,674
2000,35,Niigata,157
2000,35,Tokyo,525
2000,36,Niigata,230
2000,36,Tokyo,553
2000,37,Niigata,355
2000,37,Tokyo,512
2000,38,Niigata,265
2000,38,Tokyo,533
2000,39,Niigata,255
2000,39,Tokyo,377
2000,40,Niigata,275
2000,40,Tokyo,384
2000,41,Niigata,245
2000,41,Tokyo,357
2000,42,Niigata,328
2000,42,Tokyo,287
2000,43,Niigata,318
2000,43,Tokyo,240
2000,44,Niigata,329
2000,44,Tokyo,297
2000,45,Niigata,269
2000,45,Tokyo,288
2000,46,Niigata,210
2000,46,Tokyo,364
2001,1,Niigata,4394
2001,1,Tokyo,31623
2001,2,Niigata,3539
2001,2,Tokyo,34027
2001,3,Niigata,3417
2001,3,Tokyo,33735
2001,4,Niigata,3011
2001,4,Tokyo,26289
2001,5,Niigata,3133
2001,5,Tokyo,21187
2001,6,Niigata,2844
2001,6,Tokyo,20617
2001,7,Niigata,2866
2001,7,Tokyo,26785
2001,8,Niigata,3064
2001,8,Tokyo,27725
2001,9,Niigata,2947
2001,9,Tokyo,22635
2001,10,Niigata,2669
2001,10,Tokyo,25777
2001,11,Niigata,2699
2001,11,Tokyo,22545
2001,12,Niigata,2505
2001,12,Tokyo,25708
2001,13,Niigata,2511
2001,13,Tokyo,25982
2001,14,Niigata,2327
2001,14,Tokyo,21451
2001,15,Niigata,2291
2001,15,Tokyo,20331
2001,16,Niigata,2472
2001,16,Tokyo,27597
2001,17,Niigata,2259
2001,17,Tokyo,28074
2001,18,Niigata,2043
2001,18,Tokyo,22051
2001,19,Niigata,2308
2001,19,Tokyo,24314
2001,20,Niigata,2355
2001,20,Tokyo,25023
2001,21,Niigata,2198
2001,21,Tokyo,25624
2001,22,Niigata,2339
2001,22,Tokyo,19844
2001,23,Niigata,2293
2001,23,Tokyo,24800
2001,24,Niigata,2329
2001,24,Tokyo,24549
2001,25,Niigata,2177
2001,25,Tokyo,25873
2001,26,Niigata,2467
2001,26,Tokyo,33551
2001,27,Niigata,2487
2001,27,Tokyo,32900
2001,28,Niigata,2239
2001,28,Tokyo,32843
2001,29,Niigata,2166
2001,29,Tokyo,28180
2001,30,Niigata,2156
2001,30,Tokyo,23543
2001,31,Niigata,1874
2001,31,Tokyo,21439
2001,32,Niigata,1573
2001,32,Tokyo,21775
2001,33,Niigata,1569
2001,33,Tokyo,11262
2001,34,Niigata,1775
2001,34,Tokyo,12011
2001,35,Niigata,2047
2001,35,Tokyo,11117
2001,36,Niigata,2079
2001,36,Tokyo,11322
2001,37,Niigata,2185
2001,37,Tokyo,11744
2001,38,Niigata,1913
2001,38,Tokyo,14676
2001,39,Niigata,2163
2001,39,Tokyo,15673
2001,40,Niigata,2158
2001,40,Tokyo,14022
2001,41,Niigata,2105
2001,41,Tokyo,14372
2001,42,Niigata,2491
2001,42,Tokyo,15481
2001,43,Niigata,2294
2001,43,Tokyo,16108
2001,44,Niigata,2397
2001,44,Tokyo,16277
2001,45,Niigata,2635
2001,45,Tokyo,16557
2001,46,Niigata,2827
2001,46,Tokyo,14948
2100,1,Niigata,1658
2100,1,Tokyo,4300
2100,2,Niigata,1544
2100,2,Tokyo,4329
2100,3,Niigata,1496
2100,3,Tokyo,4516
2100,4,Niigata,1572
2100,4,Tokyo,4464
2100,5,Niigata,1511
2100,5,Tokyo,4685
2100,6,Niigata,1497
2100,6,Tokyo,4365
2100,7,Niigata,1347
2100,7,Tokyo,4221
2100,8,Niigata,1456
2100,8,Tokyo,4274
2100,9,Niigata,1565
2100,9,Tokyo,4355
2100,10,Niigata,1478
2100,10,Tokyo,4424
2100,11,Niigata,1269
2100,11,Tokyo,3927
2100,12,Niigata,1594
2100,12,Tokyo,4229
2100,13,Niigata,1740
2100,13,Tokyo,4324
2100,14,Niigata,1334
2100,14,Tokyo,4774
2100,15,Niigata,1247
2100,15,Tokyo,5148
2100,16,Niigata,1275
2100,16,Tokyo,5530
2100,17,Niigata,1380
2100,17,Tokyo,5221
2100,18,Niigata,1168
2100,18,Tokyo,4636
2100,19,Niigata,1406
2100,19,Tokyo,5219
2100,20,Niigata,1073
2100,20,Tokyo,5003
2100,21,Niigata,1213
2100,21,Tokyo,4923
2100,22,Niigata,1302
2100,22,Tokyo,5330
2100,23,Niigata,1261
2100,23,Tokyo,5348
2100,24,Niigata,1304
2100,24,Tokyo,4986
2100,25,Niigata,1388
2100,25,Tokyo,4777
2100,26,Niigata,1256
2100,26,Tokyo,4760
2100,27,Niigata,1397
2100,27,Tokyo,4772
2100,28,Niigata,1133
2100,28,Tokyo,4575
2100,29,Niigata,1214
2100,29,Tokyo,4372
2100,30,Niigata,1131
2100,30,Tokyo,3987
2100,31,Niigata,1395
2100,31,Tokyo,4302
2100,32,Niigata,1238
2100,32,Tokyo,3729
2100,33,Niigata,1159
2100,33,Tokyo,4462
2100,34,Niigata,1319
2100,34,Tokyo,4735
2100,35,Niigata,1389
2100,35,Tokyo,5021
2100,36,Niigata,1269
2100,36,Tokyo,4363
2100,37,Niigata,1195
2100,37,Tokyo,4290
2100,38,Niigata,1260
2100,38,Tokyo,4264
2100,39,Niigata,1332
2100,39,Tokyo,4276
2100,40,Niigata,1075
2100,40,Tokyo,3275
2100,41,Niigata,1137
2100,41,Tokyo,3656
2100,42,Niigata,1131
2100,42,Tokyo,3550
2100,43,Niigata,1094
2100,43,Tokyo,3718
2100,44,Niigata,1274
2100,44,Tokyo,3547
2100,45,Niigata,1369
2100,45,Tokyo,3324
2100,46,Niigata,928
2100,46,Tokyo,3387
2200,1,Niigata,2147
2200,1,Tokyo,11
2200,2,Niigata,2094
2200,3,Niigata,1979
2200,3,Tokyo,3
2200,4,Niigata,2051
2200,5,Niigata,2302
2200,6,Niigata,2184
2200,6,Tokyo,1
2200,7,Niigata,2117
2200,8,Niigata,2060
2200,8,Tokyo,2
2200,9,Niigata,2226
2200,9,Tokyo,1
2200,10,Niigata,2053
2200,10,Tokyo,3
2200,11,Niigata,1904
2200,11,Tokyo,7
2200,12,Niigata,1891
2200,13,Niigata,1841
2200,14,Niigata,1882
2200,15,Niigata,1761
2200,15,Tokyo,2
2200,16,Niigata,1686
2200,17,Niigata,1823
2200,17,Tokyo,1
2200,18,Niigata,1822
2200,19,Niigata,1762
2200,19,Tokyo,4
2200,20,Niigata,1695
2200,21,Niigata,1694
2200,22,Niigata,1773
2200,23,Niigata,1750
2200,24,Niigata,1647
2200,25,Niigata,1608
2200,26,Niigata,1760
2200,27,Niigata,1770
2200,28,Niigata,1599
2200,28,Tokyo,1
2200,29,Niigata,1514
2200,30,Niigata,1605
2200,31,Niigata,1627
2200,32,Niigata,1562
2200,33,Niigata,1633
2200,34,Niigata,1587
2200,35,Niigata,1732
2200,36,Niigata,1694
2200,36,Tokyo,1
2200,37,Niigata,1700
2200,38,Niigata,1620
2200,39,Niigata,1746
2200,40,Niigata,1737
2200,41,Niigata,1585
2200,42,Niigata,1619
2200,42,Tokyo,1
2200,43,Niigata,1688
2200,44,Niigata,1561
2200,45,Niigata,1599
2200,45,Tokyo,2
2200,46,Niigata,1595
2200,46,Tokyo,3
2201,1,Niigata,71
2201,1,Tokyo,395
2201,2,Niigata,75
2201,2,Tokyo,291
2201,3,Niigata,70
2201,3,Tokyo,373
2201,4,Niigata,87
2201,4,Tokyo,321
2201,5,Niigata,103
2201,5,Tokyo,321
2201,6,Niigata,76
2201,6,Tokyo,257
2201,7,Niigata,93
2201,7,Tokyo,284
2201,8,Niigata,85
2201,8,Tokyo,309
2201,9,Niigata,63
2201,9,Tokyo,419
2201,10,Niigata,63
2201,10,Tokyo,352
2201,11,Niigata,75
2201,11,Tokyo,388
2201,12,Niigata,58
2201,12,Tokyo,484
2201,13,Niigata,88
2201,13,Tokyo,490
2201,14,Niigata,79
2201,14,Tokyo,559
2201,15,Niigata,70
2201,15,Tokyo,318
2201,16,Niigata,67
2201,16,Tokyo,359
2201,17,Niigata,48
2201,17,Tokyo,339
2201,18,Niigata,44
2201,18,Tokyo,358
2201,19,Niigata,48
2201,19,Tokyo,297
2201,20,Niigata,67
2201,20,Tokyo,367
2201,21,Niigata,48
2201,21,Tokyo,339
2201,22,Niigata,57
2201,22,Tokyo,270
2201,23,Niigata,64
2201,23,Tokyo,303
2201,24,Niigata,68
2201,24,Tokyo,240
2201,25,Niigata,54
2201,25,Tokyo,258
2201,26,Niigata,63
2201,26,Tokyo,321
2201,27,Niigata,69
2201,27,Tokyo,238
2201,28,Niigata,40
2201,28,Tokyo,219
2201,29,Niigata,44
2201,29,Tokyo,215
2201,30,Niigata,52
2201,30,Tokyo,286
2201,31,Niigata,31
2201,31,Tokyo,234
2201,32,Niigata,36
2201,32,Tokyo,234
2201,33,Niigata,32
2201,33,Tokyo,189
2201,34,Niigata,28
2201,34,Tokyo,181
2201,35,Niigata,31
2201,35,Tokyo,281
2201,36,Niigata,35
2201,36,Tokyo,190
2201,37,Niigata,34
2201,37,Tokyo,232
2201,38,Niigata,37
2201,38,Tokyo,249
2201,39,Niigata,29
2201,39,Tokyo,160
2201,40,Niigata,27
2201,40,Tokyo,222
2201,41,Niigata,34
2201,41,Tokyo,128
2201,42,Niigata,37
2201,42,Tokyo,216
2201,43,Niigata,35
2201,43,Tokyo,177
2201,44,Niigata,34
2201,44,Tokyo,169
2201,45,Niigata,48
2201,45,Tokyo,130
2201,46,Niigata,61
2201,46,Tokyo,166
2202,1,Niigata,75
2202,1,Tokyo,243
2202,2,Niigata,100
2202,2,Tokyo,163
2202,3,Niigata,63
2202,3,Tokyo,160
2202,4,Niigata,59
2202,4,Tokyo,123
2202,5,Niigata,85
2202,5,Tokyo,186
2202,6,Niigata,85
2202,6,Tokyo,124
2202,7,Niigata,87
2202,7,Tokyo,187
2202,8,Niigata,66
2202,8,Tokyo,219
2202,9,Niigata,126
2202,9,Tokyo,153
2202,10,Niigata,68
2202,10,Tokyo,192
2202,11,Niigata,71
2202,11,Tokyo,172
2202,12,Niigata,70
2202,12,Tokyo,224
2202,13,Niigata,103
2202,13,Tokyo,217
2202,14,Niigata,86
2202,14,Tokyo,152
2202,15,Niigata,116
2202,15,Tokyo,103
2202,16,Niigata,121
2202,16,Tokyo,73
2202,17,Niigata,234
2202,17,Tokyo,66
2202,18,Niigata,187
2202,18,Tokyo,53
2202,19,Niigata,115
2202,19,Tokyo,58
2202,20,Niigata,85
2202,20,Tokyo,42
2202,21,Niigata,62
2202,21,Tokyo,58
2202,22,Niigata,88
2202,22,Tokyo,60
2202,23,Niigata,116
2202,23,Tokyo,40
2202,24,Niigata,101
2202,24,Tokyo,49
2202,25,Niigata,92
2202,25,Tokyo,40
2202,26,Niigata,89
2202,26,Tokyo,48
2202,27,Niigata,82
2202,27,Tokyo,37
2202,28,Niigata,76
2202,28,Tokyo,30
2202,29,Niigata,89
2202,29,Tokyo,43
2202,30,Niigata,42
2202,30,Tokyo,23
2202,31,Niigata,99
2202,31,Tokyo,29
2202,32,Niigata,47
2202,32,Tokyo,26
2202,33,Niigata,56
2202,33,Tokyo,18
2202,34,Niigata,78
2202,34,Tokyo,26
2202,35,Niigata,105
2202,35,Tokyo,50
2202,36,Niigata,92
2202,36,Tokyo,28
2202,37,Niigata,88
2202,37,Tokyo,30
2202,38,Niigata,114
2202,38,Tokyo,17
2202,39,Niigata,119
2202,39,Tokyo,21
2202,40,Niigata,83
2202,40,Tokyo,27
2202,41,Niigata,92
2202,41,Tokyo,33
2202,42,Niigata,109
2202,42,Tokyo,30
2202,43,Niigata,161
2202,43,Tokyo,38
2202,44,Niigata,204
2202,44,Tokyo,47
2202,45,Niigata,230
2202,45,Tokyo,44
2202,46,Niigata,93
2202,46,Tokyo,45
2203,1,Niigata,440
2203,1,Tokyo,11643
2203,2,Niigata,510
2203,2,Tokyo,10692
2203,3,Niigata,536
2203,3,Tokyo,10203
2203,4,Niigata,516
2203,4,Tokyo,10282
2203,5,Niigata,493
2203,5,Tokyo,10711
2203,6,Niigata,508
2203,6,Tokyo,9672
2203,7,Niigata,441
2203,7,Tokyo,9871
2203,8,Niigata,451
2203,8,Tokyo,10328
2203,9,Niigata,552
2203,9,Tokyo,10996
2203,10,Niigata,585
2203,10,Tokyo,10132
2203,11,Niigata,552
2203,11,Tokyo,9326
2203,12,Niigata,570
2203,12,Tokyo,9554
2203,13,Niigata,652
2203,13,Tokyo,10440
2203,14,Niigata,587
2203,14,Tokyo,10295
2203,15,Niigata,453
2203,15,Tokyo,9593
2203,16,Niigata,539
2203,16,Tokyo,10044
2203,17,Niigata,539
2203,17,Tokyo,10290
2203,18,Niigata,438
2203,18,Tokyo,9705
2203,19,Niigata,473
2203,19,Tokyo,10000
2203,20,Niigata,541
2203,20,Tokyo,10111
2203,21,Niigata,503
2203,21,Tokyo,9822
2203,22,Niigata,535
2203,22,Tokyo,10742
2203,23,Niigata,516
2203,23,Tokyo,9315
2203,24,Niigata,582
2203,24,Tokyo,8768
2203,25,Niigata,562
2203,25,Tokyo,8434
2203,26,Niigata,595
2203,26,Tokyo,8676
2203,27,Niigata,570
2203,27,Tokyo,8432
2203,28,Niigata,532
2203,28,Tokyo,7812
2203,29,Niigata,464
2203,29,Tokyo,8414
2203,30,Niigata,482
2203,30,Tokyo,8177
2203,31,Niigata,524
2203,31,Tokyo,8552
2203,32,Niigata,513
2203,32,Tokyo,7675
2203,33,Niigata,525
2203,33,Tokyo,7947
2203,34,Niigata,534
2203,34,Tokyo,7023
2203,35,Niigata,564
2203,35,Tokyo,8417
2203,36,Niigata,596
2203,36,Tokyo,8251
2203,37,Niigata,565
2203,37,Tokyo,7097
2203,38,Niigata,556
2203,38,Tokyo,7382
2203,39,Niigata,500
2203,39,Tokyo,7888
2203,40,Niigata,564
2203,40,Tokyo,7350
2203,41,Niigata,493
2203,41,Tokyo,7862
2203,42,Niigata,551
2203,42,Tokyo,7807
2203,43,Niigata,547
2203,43,Tokyo,6947
2203,44,Niigata,451
2203,44,Tokyo,7017
2203,45,Niigata,434
2203,45,Tokyo,9068
2203,46,Niigata,452
2203,46,Tokyo,9598
2204,1,Niigata,308
2204,1,Tokyo,1064
2204,2,Niigata,295
2204,2,Tokyo,1044
2204,3,Niigata,290
2204,3,Tokyo,970
2204,4,Niigata,308
2204,4,Tokyo,936
2204,5,Niigata,262
2204,5,Tokyo,913
2204,6,Niigata,241
2204,6,Tokyo,826
2204,7,Niigata,249
2204,7,Tokyo,735
2204,8,Niigata,208
2204,8,Tokyo,787
2204,9,Niigata,234
2204,9,Tokyo,785
2204,10,Niigata,199
2204,10,Tokyo,653
2204,11,Niigata,210
2204,11,Tokyo,687
2204,12,Niigata,196
2204,12,Tokyo,744
2204,13,Niigata,226
2204,13,Tokyo,769
2204,14,Niigata,233
2204,14,Tokyo,801
2204,15,Niigata,224
2204,15,Tokyo,806
2204,16,Niigata,257
2204,16,Tokyo,842
2204,17,Niigata,333
2204,17,Tokyo,843
2204,18,Niigata,325
2204,18,Tokyo,772
2204,19,Niigata,388
2204,19,Tokyo,925
2204,20,Niigata,343
2204,20,Tokyo,926
2204,21,Niigata,282
2204,21,Tokyo,919
2204,22,Niigata,411
2204,22,Tokyo,1004
2204,23,Niigata,355
2204,23,Tokyo,1339
2204,24,Niigata,399
2204,24,Tokyo,1438
2204,25,Niigata,342
2204,25,Tokyo,1473
2204,26,Niigata,317
2204,26,Tokyo,1351
2204,27,Niigata,339
2204,27,Tokyo,1376
2204,28,Niigata,284
2204,28,Tokyo,1132
2204,29,Niigata,295
2204,29,Tokyo,1187
2204,30,Niigata,256
2204,30,Tokyo,1211
2204,31,Niigata,285
2204,31,Tokyo,1335
2204,32,Niigata,287
2204,32,Tokyo,1344
2204,33,Niigata,325
2204,33,Tokyo,1668
2204,34,Niigata,346
2204,34,Tokyo,1627
2204,35,Niigata,314
2204,35,Tokyo,1629
2204,36,Niigata,305
2204,36,Tokyo,1695
2204,37,Niigata,266
2204,37,Tokyo,1719
2204,38,Niigata,278
2204,38,Tokyo,1747
2204,39,Niigata,209
2204,39,Tokyo,1964
2204,40,Niigata,246
2204,40,Tokyo,2054
2204,41,Niigata,244
2204,41,Tokyo,2433
2204,42,Niigata,191
2204,42,Tokyo,2120
2204,43,Niigata,213
2204,43,Tokyo,2124
2204,44,Niigata,142
2204,44,Tokyo,1878
2204,45,Niigata,139
2204,45,Tokyo,1964
2204,46,Niigata,118
2204,46,Tokyo,2014
2300,1,Niigata,952
2300,1,Tokyo,4974
2300,2,Niigata,1081
2300,2,Tokyo,5216
2300,3,Niigata,966
2300,3,Tokyo,4548
2300,4,Niigata,960
2300,4,Tokyo,4720
2300,5,Niigata,921
2300,5,Tokyo,4799
2300,6,Niigata,864
2300,6,Tokyo,5818
2300,7,Niigata,741
2300,7,Tokyo,6082
2300,8,Niigata,768
2300,8,Tokyo,6210
2300,9,Niigata,739
2300,9,Tokyo,6196
2300,10,Niigata,768
2300,10,Tokyo,6027
2300,11,Niigata,615
2300,11,Tokyo,5717
2300,12,Niigata,707
2300,12,Tokyo,5850
2300,13,Niigata,675
2300,13,Tokyo,5921
2300,14,Niigata,768
2300,14,Tokyo,6701
2300,15,Niigata,850
2300,15,Tokyo,6223
2300,16,Niigata,811
2300,16,Tokyo,6588
2300,17,Niigata,866
2300,17,Tokyo,6411
2300,18,Niigata,697
2300,18,Tokyo,6676
2300,19,Niigata,832
2300,19,Tokyo,8393
2300,20,Niigata,826
2300,20,Tokyo,8980
2300,21,Niigata,706
2300,21,Tokyo,8344
2300,22,Niigata,867
2300,22,Tokyo,8127
2300,23,Niigata,788
2300,23,Tokyo,8088
2300,24,Niigata,742
2300,24,Tokyo,7541
2300,25,Niigata,748
2300,25,Tokyo,8494
2300,26,Niigata,732
2300,26,Tokyo,8007
2300,27,Niigata,695
2300,27,Tokyo,8853
2300,28,Niigata,576
2300,28,Tokyo,8342
2300,29,Niigata,559
2300,29,Tokyo,8370
2300,30,Niigata,597
2300,30,Tokyo,9956
2300,31,Niigata,788
2300,31,Tokyo,9480
2300,32,Niigata,543
2300,32,Tokyo,9812
2300,33,Niigata,713
2300,33,Tokyo,11790
2300,34,Niigata,792
2300,34,Tokyo,12030
2300,35,Niigata,710
2300,35,Tokyo,10768
2300,36,Niigata,781
2300,36,Tokyo,8252
2300,37,Niigata,838
2300,37,Tokyo,7279
2300,38,Niigata,816
2300,38,Tokyo,7334
2300,39,Niigata,731
2300,39,Tokyo,7081
2300,40,Niigata,788
2300,40,Tokyo,7076
2300,41,Niigata,841
2300,41,Tokyo,7072
2300,42,Niigata,764
2300,42,Tokyo,6301
2300,43,Niigata,745
2300,43,Tokyo,6150
2300,44,Niigata,651
2300,44,Tokyo,5498
2300,45,Niigata,731
2300,45,Tokyo,5919
2300,46,Niigata,674
2300,46,Tokyo,5784
2301,1,Niigata,76
2301,1,Tokyo,493
2301,2,Niigata,75
2301,2,Tokyo,572
2301,3,Niigata,85
2301,3,Tokyo,532
2301,4,Niigata,69
2301,4,Tokyo,581
2301,5,Niigata,76
2301,5,Tokyo,562
2301,6,Niigata,90
2301,6,Tokyo,490
2301,7,Niigata,92
2301,7,Tokyo,479
2301,8,Niigata,96
2301,8,Tokyo,589
2301,9,Niigata,111
2301,9,Tokyo,531
2301,10,Niigata,135
2301,10,Tokyo,497
2301,11,Niigata,117
2301,11,Tokyo,457
2301,12,Niigata,125
2301,12,Tokyo,535
2301,13,Niigata,113
2301,13,Tokyo,592
2301,14,Niigata,151
2301,14,Tokyo,556
2301,15,Niigata,228
2301,15,Tokyo,548
2301,16,Niigata,203
2301,16,Tokyo,620
2301,17,Niigata,115
2301,17,Tokyo,673
2301,18,Niigata,77
2301,18,Tokyo,577
2301,19,Niigata,92
2301,19,Tokyo,633
2301,20,Niigata,137
2301,20,Tokyo,712
2301,21,Niigata,69
2301,21,Tokyo,806
2301,22,Niigata,64
2301,22,Tokyo,822
2301,23,Niigata,67
2301,23,Tokyo,654
2301,24,Niigata,66
2301,24,Tokyo,668
2301,25,Niigata,68
2301,25,Tokyo,832
2301,26,Niigata,57
2301,26,Tokyo,825
2301,27,Niigata,60
2301,27,Tokyo,646
2301,28,Niigata,56
2301,28,Tokyo,657
2301,29,Niigata,58
2301,29,Tokyo,672
2301,30,Niigata,58
2301,30,Tokyo,609
2301,31,Niigata,49
2301,31,Tokyo,582
2301,32,Niigata,58
2301,32,Tokyo,549
2301,33,Niigata,90
2301,33,Tokyo,523
2301,34,Niigata,85
2301,34,Tokyo,580
2301,35,Niigata,74
2301,35,Tokyo,579
2301,36,Niigata,95
2301,36,Tokyo,512
2301,37,Niigata,91
2301,37,Tokyo,507
2301,38,Niigata,97
2301,38,Tokyo,519
2301,39,Niigata,75
2301,39,Tokyo,537
2301,40,Niigata,70
2301,40,Tokyo,420
2301,41,Niigata,99
2301,41,Tokyo,410
2301,42,Niigata,87
2301,42,Tokyo,420
2301,43,Niigata,135
2301,43,Tokyo,380
2301,44,Niigata,80
2301,44,Tokyo,324
2301,45,Niigata,108
2301,45,Tokyo,381
2301,46,Niigata,104
2301,46,Tokyo,379
2302,1,Niigata,1443
2302,1,Tokyo,203
2302,2,Niigata,1568
2302,2,Tokyo,186
2302,3,Niigata,1579
2302,3,Tokyo,203
2302,4,Niigata,2331
2302,4,Tokyo,196
2302,5,Niigata,2914
2302,5,Tokyo,390
2302,6,Niigata,2578
2302,6,Tokyo,359
2302,7,Niigata,1882
2302,7,Tokyo,220
2302,8,Niigata,1845
2302,8,Tokyo,162
2302,9,Niigata,1716
2302,9,Tokyo,228
2302,10,Niigata,1687
2302,10,Tokyo,210
2302,11,Niigata,1571
2302,11,Tokyo,148
2302,12,Niigata,1749
2302,12,Tokyo,184
2302,13,Niigata,1426
2302,13,Tokyo,217
2302,14,Niigata,1301
2302,14,Tokyo,177
2302,15,Niigata,1284
2302,15,Tokyo,154
2302,16,Niigata,1008
2302,16,Tokyo,269
2302,17,Niigata,991
2302,17,Tokyo,187
2302,18,Niigata,656
2302,18,Tokyo,197
2302,19,Niigata,855
2302,19,Tokyo,251
2302,20,Niigata,863
2302,20,Tokyo,443
2302,21,Niigata,826
2302,21,Tokyo,475
2302,22,Niigata,939
2302,22,Tokyo,193
2302,23,Niigata,772
2302,23,Tokyo,157
2302,24,Niigata,781
2302,24,Tokyo,165
2302,25,Niigata,675
2302,25,Tokyo,177
2302,26,Niigata,678
2302,26,Tokyo,215
2302,27,Niigata,772
2302,27,Tokyo,145
2302,28,Niigata,746
2302,28,Tokyo,92
2302,29,Niigata,754
2302,29,Tokyo,103
2302,30,Niigata,708
2302,30,Tokyo,111
2302,31,Niigata,587
2302,31,Tokyo,78
2302,32,Niigata,526
2302,32,Tokyo,134
2302,33,Niigata,428
2302,33,Tokyo,109
2302,34,Niigata,481
2302,34,Tokyo,116
2302,35,Niigata,559
2302,35,Tokyo,100
2302,36,Niigata,578
2302,36,Tokyo,99
2302,37,Niigata,761
2302,37,Tokyo,106
2302,38,Niigata,678
2302,38,Tokyo,128
2302,39,Niigata,924
2302,39,Tokyo,124
2302,40,Niigata,1249
2302,40,Tokyo,104
2302,41,Niigata,1418
2302,41,Tokyo,168
2302,42,Niigata,1529
2302,42,Tokyo,137
2302,43,Niigata,1915
2302,43,Tokyo,136
2302,44,Niigata,2140
2302,44,Tokyo,191
2302,45,Niigata,2385
2302,45,Tokyo,138
2302,46,Niigata,3113
2302,46,Tokyo,118
2400,1,Niigata,206
2400,1,Tokyo,392
2400,2,Niigata,308
2400,2,Tokyo,418
2400,3,Niigata,259
2400,3,Tokyo,325
2400,4,Niigata,250
2400,4,Tokyo,317
2400,5,Niigata,256
2400,5,Tokyo,292
2400,6,Niigata,214
2400,6,Tokyo,340
2400,7,Niigata,227
2400,7,Tokyo,280
2400,8,Niigata,253
2400,8,Tokyo,265
2400,9,Niigata,261
2400,9,Tokyo,252
2400,10,Niigata,243
2400,10,Tokyo,268
2400,11,Niigata,313
2400,11,Tokyo,218
2400,12,Niigata,262
2400,12,Tokyo,310
2400,13,Niigata,318
2400,13,Tokyo,266
2400,14,Niigata,323
2400,14,Tokyo,307
2400,15,Niigata,301
2400,15,Tokyo,311
2400,16,Niigata,284
2400,16,Tokyo,281
2400,17,Niigata,295
2400,17,Tokyo,349
2400,18,Niigata,343
2400,18,Tokyo,350
2400,19,Niigata,370
2400,19,Tokyo,438
2400,20,Niigata,367
2400,20,Tokyo,413
2400,21,Niigata,375
2400,21,Tokyo,380
2400,22,Niigata,396
2400,22,Tokyo,376
2400,23,Niigata,384
2400,23,Tokyo,340
2400,24,Niigata,404
2400,24,Tokyo,339
2400,25,Niigata,363
2400,25,Tokyo,319
2400,26,Niigata,462
2400,26,Tokyo,378
2400,27,Niigata,359
2400,27,Tokyo,357
2400,28,Niigata,347
2400,28,Tokyo,365
2400,29,Niigata,380
2400,29,Tokyo,380
2400,30,Niigata,391
2400,30,Tokyo,353
2400,31,Niigata,360
2400,31,Tokyo,310
2400,32,Niigata,335
2400,32,Tokyo,307
2400,33,Niigata,391
2400,33,Tokyo,324
2400,34,Niigata,401
2400,34,Tokyo,345
2400,35,Niigata,497
2400,35,Tokyo,308
2400,36,Niigata,449
2400,36,Tokyo,279
2400,37,Niigata,432
2400,37,Tokyo,328
2400,38,Niigata,453
2400,38,Tokyo,303
2400,39,Niigata,454
2400,39,Tokyo,313
2400,40,Niigata,532
2400,40,Tokyo,275
2400,41,Niigata,479
2400,41,Tokyo,350
2400,42,Niigata,492
2400,42,Tokyo,427
2400,43,Niigata,553
2400,43,Tokyo,485
2400,44,Niigata,424
2400,44,Tokyo,556
2400,45,Niigata,374
2400,45,Tokyo,576
2400,46,Niigata,538
2400,46,Tokyo,662
2401,1,Niigata,57
2401,1,Tokyo,5968
2401,2,Niigata,207
2401,2,Tokyo,6469
2401,3,Niigata,109
2401,3,Tokyo,8044
2401,4,Niigata,148
2401,4,Tokyo,8731
2401,5,Niigata,99
2401,5,Tokyo,9597
2401,6,Niigata,140
2401,6,Tokyo,10817
2401,7,Niigata,75
2401,7,Tokyo,11453
2401,8,Niigata,144
2401,8,Tokyo,10569
2401,9,Niigata,189
2401,9,Tokyo,13757
2401,10,Niigata,193
2401,10,Tokyo,12252
2401,11,Niigata,231
2401,11,Tokyo,11691
2401,12,Niigata,200
2401,12,Tokyo,12427
2401,13,Niigata,191
2401,13,Tokyo,11467
2401,14,Niigata,231
2401,14,Tokyo,10115
2401,15,Niigata,164
2401,15,Tokyo,10275
2401,16,Niigata,217
2401,16,Tokyo,12096
2401,17,Niigata,70
2401,17,Tokyo,12042
2401,18,Niigata,112
2401,18,Tokyo,11718
2401,19,Niigata,141
2401,19,Tokyo,10815
2401,20,Niigata,125
2401,20,Tokyo,15941
2401,21,Niigata,105
2401,21,Tokyo,11330
2401,22,Niigata,132
2401,22,Tokyo,11619
2401,23,Niigata,193
2401,23,Tokyo,12136
2401,24,Niigata,139
2401,24,Tokyo,11981
2401,25,Niigata,120
2401,25,Tokyo,11195
2401,26,Niigata,85
2401,26,Tokyo,14219
2401,27,Niigata,139
2401,27,Tokyo,14885
2401,28,Niigata,99
2401,28,Tokyo,13718
2401,29,Niigata,233
2401,29,Tokyo,13142
2401,30,Niigata,213
2401,30,Tokyo,12070
2401,31,Niigata,122
2401,31,Tokyo,12499
2401,32,Niigata,94
2401,32,Tokyo,11996
2401,33,Niigata,139
2401,33,Tokyo,10222
2401,34,Niigata,174
2401,34,Tokyo,10184
2401,35,Niigata,122
2401,35,Tokyo,12160
2401,36,Niigata,171
2401,36,Tokyo,11857
2401,37,Niigata,121
2401,37,Tokyo,10336
2401,38,Niigata,186
2401,38,Tokyo,12313
2401,39,Niigata,143
2401,39,Tokyo,13149
2401,40,Niigata,170
2401,40,Tokyo,15200
2401,41,Niigata,162
2401,41,Tokyo,11734
2401,42,Niigata,215
2401,42,Tokyo,11258
2401,43,Niigata,145
2401,43,Tokyo,14170
2401,44,Niigata,186
2401,44,Tokyo,11937
2401,45,Niigata,170
2401,45,Tokyo,12089
2401,46,Niigata,163
2401,46,Tokyo,12247
2900,1,Niigata,8
2900,1,Tokyo,17
2900,2,Niigata,16
2900,2,Tokyo,23
2900,3,Niigata,20
2900,3,Tokyo,26
2900,4,Niigata,14
2900,4,Tokyo,18
2900,5,Niigata,14
2900,5,Tokyo,27
2900,6,Niigata,13
2900,6,Tokyo,29
2900,7,Niigata,11
2900,7,Tokyo,23
2900,8,Niigata,12
2900,8,Tokyo,16
2900,9,Niigata,15
2900,9,Tokyo,21
2900,10,Niigata,11
2900,10,Tokyo,18
2900,11,Niigata,16
2900,11,Tokyo,27
2900,12,Niigata,8
2900,12,Tokyo,26
2900,13,Niigata,10
2900,13,Tokyo,26
2900,14,Niigata,11
2900,14,Tokyo,23
2900,15,Niigata,8
2900,15,Tokyo,23
2900,16,Niigata,13
2900,16,Tokyo,17
2900,17,Niigata,15
2900,17,Tokyo,19
2900,18,Niigata,6
2900,18,Tokyo,11
2900,19,Niigata,10
2900,19,Tokyo,33
2900,20,Niigata,9
2900,20,Tokyo,12
2900,21,Niigata,9
2900,21,Tokyo,18
2900,22,Niigata,20
2900,22,Tokyo,13
2900,23,Niigata,11
2900,23,Tokyo,17
2900,24,Niigata,20
2900,24,Tokyo,14
2900,25,Niigata,11
2900,25,Tokyo,20
2900,26,Niigata,18
2900,26,Tokyo,21
2900,27,Niigata,28
2900,27,Tokyo,22
2900,28,Niigata,12
2900,28,Tokyo,10
2900,29,Niigata,8
2900,29,Tokyo,13
2900,30,Niigata,13
2900,30,Tokyo,9
2900,31,Niigata,16
2900,31,Tokyo,8
2900,32,Niigata,12
2900,32,Tokyo,9
2900,33,Niigata,18
2900,33,Tokyo,12
2900,34,Niigata,7
2900,34,Tokyo,15
2900,35,Niigata,12
2900,35,Tokyo,12
2900,36,Niigata,13
2900,36,Tokyo,6
2900,37,Niigata,8
2900,37,Tokyo,9
2900,38,Niigata,23
2900,38,Tokyo,8
2900,39,Niigata,14
2900,39,Tokyo,6
2900,40,Niigata,18
2900,40,Tokyo,6
2900,41,Niigata,19
2900,41,Tokyo,12
2900,42,Niigata,23
2900,42,Tokyo,5
2900,43,Niigata,21
2900,43,Tokyo,4
2900,44,Niigata,24
2900,44,Tokyo,10
2900,45,Niigata,11
2900,45,Tokyo,1
2900,46,Niigata,49
2900,46,Tokyo,5
2901,1,Niigata,1
2901,2,Niigata,6
2901,3,Niigata,2
2901,3,Tokyo,1
2901,4,Niigata,2
2901,5,Tokyo,1
2901,6,Niigata,1
2901,7,Niigata,3
2901,8,Niigata,2
2901,8,Tokyo,1
2901,9,Niigata,3
2901,10,Niigata,1
2901,11,Niigata,1
2901,11,Tokyo,2
2901,12,Niigata,1
2901,13,Niigata,1
2901,13,Tokyo,2
2901,14,Tokyo,2
2901,15,Niigata,5
2901,15,Tokyo,2
2901,16,Niigata,2
2901,16,Tokyo,5
2901,17,Niigata,5
2901,17,Tokyo,1
2901,18,Niigata,5
2901,18,Tokyo,3
2901,19,Tokyo,2
2901,20,Niigata,4
2901,20,Tokyo,2
2901,21,Niigata,8
2901,21,Tokyo,2
2901,22,Niigata,2
2901,22,Tokyo,2
2901,23,Niigata,2
2901,23,Tokyo,2
2901,24,Niigata,4
2901,24,Tokyo,1
2901,25,Niigata,2
2901,25,Tokyo,1
2901,26,Niigata,7
2901,26,Tokyo,2
2901,27,Niigata,1
2901,27,Tokyo,1
2901,28,Niigata,1
2901,28,Tokyo,1
2901,29,Niigata,1
2901,30,Tokyo,3
2901,32,Tokyo,3
2901,33,Tokyo,1
2901,35,Tokyo,2
2901,37,Tokyo,1
2901,38,Tokyo,1
2901,39,Tokyo,1
2901,40,Tokyo,1
2901,41,Tokyo,2
2901,42,Tokyo,1
2901,43,Tokyo,2
2901,45,Tokyo,1
2902,1,Niigata,1041
2902,2,Niigata,1193
2902,3,Niigata,1304
2902,4,Niigata,4583
2902,5,Niigata,1930
2902,6,Niigata,105401
2902,7,Niigata,65637
2902,8,Niigata,13040
2902,9,Niigata,13714
2902,10,Niigata,9314
2902,11,Niigata,4273
2902,12,Niigata,1061
2902,13,Niigata,991
2902,14,Niigata,1220
2902,15,Niigata,5478
2902,16,Niigata,1859
2902,17,Niigata,1150
2902,18,Niigata,1578
2902,19,Niigata,917
2902,20,Niigata,1166
2902,21,Niigata,968
2902,22,Niigata,728
2902,23,Niigata,1361
2902,24,Niigata,565
2902,25,Niigata,11459
2902,26,Niigata,3789
2902,27,Niigata,826
2902,28,Niigata,4206
2902,29,Niigata,3103
2902,30,Niigata,2884
2902,31,Niigata,4988
2902,32,Niigata,1530
2902,33,Niigata,1530
2902,34,Niigata,1486
2902,35,Niigata,1345
2902,36,Niigata,2061
2902,37,Niigata,2095
2902,38,Niigata,1668
2902,39,Niigata,1323
2902,40,Niigata,2089
2902,41,Niigata,1133
2902,42,Niigata,1128
2902,43,Niigata,1086
2902,44,Niigata,2057
2902,45,Niigata,1205
2902,46,Niigata,683
2903,1,Niigata,121
2903,1,Tokyo,4
2903,2,Niigata,165
2903,2,Tokyo,2
2903,3,Niigata,164
2903,3,Tokyo,2
2903,4,Niigata,132
2903,4,Tokyo,3
2903,5,Niigata,119
2903,6,Niigata,147
2903,6,Tokyo,1
2903,7,Niigata,123
2903,7,Tokyo,4
2903,8,Niigata,146
2903,9,Niigata,172
2903,10,Niigata,169
2903,10,Tokyo,1
2903,11,Niigata,216
2903,12,Niigata,199
2903,12,Tokyo,1
2903,13,Niigata,224
2903,14,Niigata,258
2903,15,Niigata,264
2903,15,Tokyo,1
2903,16,Niigata,231
2903,17,Niigata,246
2903,18,Niigata,174
2903,19,Niigata,238
2903,19,Tokyo,1
2903,20,Niigata,211
2903,20,Tokyo,2
2903,21,Niigata,191
2903,22,Niigata,219
2903,23,Niigata,180
2903,24,Niigata,215
2903,25,Niigata,193
2903,26,Niigata,197
2903,27,Niigata,188
2903,28,Niigata,265
2903,28,Tokyo,1
2903,29,Niigata,204
2903,30,Niigata,190
2903,31,Niigata,248
2903,31,Tokyo,1
2903,32,Niigata,154
2903,33,Niigata,182
2903,34,Niigata,199
2903,35,Niigata,167
2903,35,Tokyo,1
2903,36,Niigata,190
2903,36,Tokyo,1
2903,37,Niigata,183
2903,37,Tokyo,1
2903,38,Niigata,186
2903,38,Tokyo,1
2903,39,Niigata,193
2903,40,Niigata,264
2903,41,Niigata,195
2903,42,Niigata,205
2903,43,Niigata,168
2903,44,Niigata,192
2903,45,Niigata,216
2903,46,Niigata,208
2904,1,Niigata,29
2904,2,Niigata,41
2904,3,Niigata,129
2904,4,Niigata,117
2904,5,Niigata,46
2904,6,Niigata,50
2904,7,Niigata,74
2904,8,Niigata,49
2904,9,Niigata,25
2904,10,Niigata,42
2904,11,Niigata,21
2904,12,Niigata,55
2904,13,Niigata,40
2904,14,Niigata,20
2904,15,Niigata,31
2904,16,Niigata,93
2904,17,Niigata,49
2904,18,Niigata,62
2904,19,Niigata,82
2904,20,Niigata,72
2904,21,Niigata,60
2904,22,Niigata,76
2904,23,Niigata,59
2904,24,Niigata,70
2904,25,Niigata,20
2904,26,Niigata,74
2904,27,Niigata,43
2904,28,Niigata,77
2904,29,Niigata,81
2904,30,Niigata,78
2904,31,Niigata,37
2904,32,Niigata,102
2904,33,Niigata,81
2904,34,Niigata,80
2904,35,Niigata,101
2904,36,Niigata,61
2904,37,Niigata,114
2904,38,Niigata,21
2904,39,Niigata,37
2904,40,Niigata,98
2904,41,Niigata,72
2904,42,Niigata,79
2904,43,Niigata,89
2904,44,Niigata,56
2904,45,Niigata,72
2904,46,Niigata,29
2999,1,Niigata,700
2999,1,Tokyo,1
2999,2,Niigata,786
2999,2,Tokyo,4
2999,3,Niigata,643
2999,3,Tokyo,7
2999,4,Niigata,543
2999,4,Tokyo,3
2999,5,Niigata,363
2999,5,Tokyo,3
2999,6,Niigata,329
2999,6,Tokyo,3
2999,7,Niigata,200
2999,7,Tokyo,4
2999,8,Niigata,287
2999,8,Tokyo,4
2999,9,Niigata,282
2999,9,Tokyo,4
2999,10,Niigata,306
2999,10,Tokyo,2
2999,11,Niigata,266
2999,11,Tokyo,5
2999,12,Niigata,274
2999,12,Tokyo,6
2999,13,Niigata,309
2999,13,Tokyo,3
2999,14,Niigata,305
2999,15,Niigata,328
2999,15,Tokyo,4
2999,16,Niigata,371
2999,16,Tokyo,1
2999,17,Niigata,322
2999,17,Tokyo,3
2999,18,Niigata,246
2999,19,Niigata,358
2999,19,Tokyo,1
2999,20,Niigata,357
2999,20,Tokyo,5
2999,21,Niigata,433
2999,22,Niigata,189
2999,22,Tokyo,5
2999,23,Niigata,345
2999,23,Tokyo,7
2999,24,Niigata,149
2999,24,Tokyo,6
2999,25,Niigata,244
2999,25,Tokyo,2
2999,26,Niigata,182
2999,26,Tokyo,2
2999,27,Niigata,278
2999,27,Tokyo,7
2999,28,Niigata,245
2999,28,Tokyo,5
2999,29,Niigata,242
2999,29,Tokyo,4
2999,30,Niigata,194
2999,30,Tokyo,1
2999,31,Niigata,106
2999,31,Tokyo,4
2999,32,Niigata,82
2999,32,Tokyo,3
2999,33,Niigata,101
2999,33,Tokyo,3
2999,34,Niigata,78
2999,34,Tokyo,5
2999,35,Niigata,64
2999,35,Tokyo,3
2999,36,Niigata,112
2999,36,Tokyo,1
2999,37,Niigata,225
2999,37,Tokyo,1
2999,38,Niigata,105
2999,38,Tokyo,4
2999,39,Niigata,102
2999,39,Tokyo,3
2999,40,Niigata,111
2999,41,Niigata,111
2999,41,Tokyo,3
2999,42,Niigata,79
2999,43,Niigata,104
2999,43,Tokyo,3
2999,44,Niigata,119
2999,45,Niigata,129
2999,45,Tokyo,2
2999,46,Niigata,103
2999,46,Tokyo,4
3000,1,Niigata,200
3000,2,Niigata,259
3000,3,Niigata,225
3000,4,Niigata,251
3000,4,Tokyo,1
3000,5,Niigata,231
3000,6,Niigata,193
3000,7,Niigata,213
3000,8,Niigata,214
3000,9,Niigata,187
3000,10,Niigata,204
3000,11,Niigata,265
3000,12,Niigata,286
3000,13,Niigata,448
3000,13,Tokyo,1
3000,14,Niigata,340
3000,15,Niigata,339
3000,15,Tokyo,1
3000,16,Niigata,323
3000,17,Niigata,390
3000,17,Tokyo,1
3000,18,Niigata,472
3000,18,Tokyo,2
3000,19,Niigata,592
3000,19,Tokyo,1
3000,20,Niigata,473
3000,21,Niigata,506
3000,22,Niigata,612
3000,22,Tokyo,2
3000,23,Niigata,639
3000,23,Tokyo,1
3000,24,Niigata,601
3000,25,Niigata,636
3000,25,Tokyo,1
3000,26,Niigata,567
3000,27,Niigata,636
3000,28,Niigata,580
3000,29,Niigata,682
3000,30,Niigata,636
3000,31,Niigata,717
3000,32,Niigata,560
3000,33,Niigata,666
3000,34,Niigata,572
3000,35,Niigata,637
3000,36,Niigata,621
3000,37,Niigata,821
3000,37,Tokyo,1
3000,38,Niigata,773
3000,39,Niigata,999
3000,40,Niigata,747
3000,40,Tokyo,1
3000,41,Niigata,957
3000,42,Niigata,821
3000,43,Niigata,736
3000,43,Tokyo,1
3000,44,Niigata,769
3000,45,Niigata,630
3000,46,Niigata,755
3099,1,Niigata,1680
3099,1,Tokyo,129
3099,2,Niigata,1119
3099,2,Tokyo,240
3099,3,Niigata,1365
3099,3,Tokyo,567
3099,4,Niigata,1175
3099,4,Tokyo,806
3099,5,Niigata,1024
3099,5,Tokyo,438
3099,6,Niigata,831
3099,6,Tokyo,818
3099,7,Niigata,1375
3099,7,Tokyo,1039
3099,8,Niigata,1482
3099,8,Tokyo,786
3099,9,Niigata,849
3099,9,Tokyo,627
3099,10,Niigata,771
3099,10,Tokyo,757
3099,11,Niigata,1104
3099,11,Tokyo,660
3099,12,Niigata,2429
3099,12,Tokyo,509
3099,13,Niigata,1229
3099,13,Tokyo,245
3099,14,Niigata,610
3099,14,Tokyo,198
3099,15,Niigata,432
3099,15,Tokyo,151
3099,16,Niigata,357
3099,16,Tokyo,101
3099,17,Niigata,346
3099,17,Tokyo,126
3099,18,Niigata,475
3099,18,Tokyo,137
3099,19,Niigata,332
3099,19,Tokyo,174
3099,20,Niigata,394
3099,20,Tokyo,148
3099,21,Niigata,434
3099,21,Tokyo,67
3099,22,Niigata,420
3099,22,Tokyo,55
3099,23,Niigata,352
3099,23,Tokyo,89
3099,24,Niigata,385
3099,24,Tokyo,145
3099,25,Niigata,494
3099,25,Tokyo,96
3099,26,Niigata,768
3099,26,Tokyo,89
3099,27,Niigata,839
3099,27,Tokyo,84
3099,28,Niigata,808
3099,28,Tokyo,89
3099,29,Niigata,698
3099,29,Tokyo,185
3099,30,Niigata,517
3099,30,Tokyo,402
3099,31,Niigata,444
3099,31,Tokyo,230
3099,32,Niigata,394
3099,32,Tokyo,120
3099,33,Niigata,335
3099,33,Tokyo,122
3099,34,Niigata,444
3099,34,Tokyo,85
3099,35,Niigata,354
3099,35,Tokyo,99
3099,36,Niigata,390
3099,36,Tokyo,89
3099,37,Niigata,294
3099,37,Tokyo,76
3099,38,Niigata,342
3099,38,Tokyo,32
3099,39,Niigata,395
3099,39,Tokyo,14
3099,40,Niigata,347
3099,40,Tokyo,12
3099,41,Niigata,338
3099,41,Tokyo,54
3099,42,Niigata,296
3099,42,Tokyo,40
3099,43,Niigata,265
3099,43,Tokyo,23
3099,44,Niigata,272
3099,44,Tokyo,46
3099,45,Niigata,229
3099,45,Tokyo,97
3099,46,Niigata,245
3099,46,Tokyo,146
3100,1,Niigata,3
3100,1,Tokyo,80
3100,2,Niigata,3
3100,2,Tokyo,68
3100,3,Niigata,3
3100,3,Tokyo,57
3100,4,Niigata,1
3100,4,Tokyo,79
3100,5,Niigata,4
3100,5,Tokyo,78
3100,6,Niigata,3
3100,6,Tokyo,78
3100,7,Niigata,1
3100,7,Tokyo,54
3100,8,Niigata,4
3100,8,Tokyo,53
3100,9,Niigata,1
3100,9,Tokyo,83
3100,10,Niigata,2
3100,10,Tokyo,76
3100,11,Niigata,2
3100,11,Tokyo,66
3100,12,Niigata,1
3100,12,Tokyo,92
3100,13,Niigata,1
3100,13,Tokyo,78
3100,14,Niigata,3
3100,14,Tokyo,62
3100,15,Niigata,2
3100,15,Tokyo,49
3100,16,Niigata,1
3100,16,Tokyo,57
3100,17,Tokyo,45
3100,18,Tokyo,87
3100,19,Tokyo,83
3100,20,Niigata,4
3100,20,Tokyo,74
3100,21,Tokyo,41
3100,22,Tokyo,84
3100,23,Niigata,1
3100,23,Tokyo,66
3100,24,Niigata,3
3100,24,Tokyo,83
3100,25,Niigata,3
3100,25,Tokyo,98
3100,26,Niigata,1
3100,26,Tokyo,117
3100,27,Niigata,2
3100,27,Tokyo,105
3100,28,Niigata,5
3100,28,Tokyo,86
3100,29,Niigata,10
3100,29,Tokyo,76
3100,30,Niigata,6
3100,30,Tokyo,64
3100,31,Niigata,12
3100,31,Tokyo,84
3100,32,Niigata,14
3100,32,Tokyo,76
3100,33,Niigata,9
3100,33,Tokyo,93
3100,34,Niigata,7
3100,34,Tokyo,72
3100,35,Niigata,4
3100,35,Tokyo,55
3100,36,Niigata,5
3100,36,Tokyo,100
3100,37,Niigata,3
3100,37,Tokyo,85
3100,38,Niigata,4
3100,38,Tokyo,85
3100,39,Niigata,1
3100,39,Tokyo,55
3100,40,Niigata,3
3100,40,Tokyo,66
3100,41,Niigata,5
3100,41,Tokyo,68
3100,42,Niigata,2
3100,42,Tokyo,53
3100,43,Niigata,6
3100,43,Tokyo,54
3100,44,Niigata,4
3100,44,Tokyo,51
3100,45,Niigata,7
3100,45,Tokyo,75
3100,46,Niigata,3
3100,46,Tokyo,53
3101,1,Niigata,23
3101,2,Niigata,2
3101,3,Niigata,4
3101,4,Niigata,4
3101,5,Niigata,6
3101,6,Niigata,1
3101,7,Niigata,3
3101,8,Niigata,4
3101,9,Niigata,5
3101,10,Niigata,1
3101,12,Niigata,2
3101,13,Niigata,3
3101,14,Niigata,3
3101,15,Niigata,2
3101,16,Niigata,1
3101,18,Niigata,4
3101,19,Niigata,4
3101,20,Niigata,3
3101,21,Niigata,2
3101,22,Niigata,1
3101,23,Niigata,3
3101,24,Niigata,3
3101,25,Niigata,2
3101,26,Niigata,3
3101,27,Niigata,1
3101,30,Niigata,5
3101,31,Niigata,2
3101,32,Niigata,3
3101,33,Niigata,1
3101,34,Niigata,1
3101,36,Niigata,1
3101,37,Niigata,1
3101,38,Niigata,2
3101,41,Niigata,1
3101,42,Niigata,1
3101,44,Niigata,2
3101,45,Niigata,1
3102,1,Niigata,50
3102,1,Tokyo,135
3102,2,Niigata,46
3102,2,Tokyo,32
3102,3,Niigata,16
3102,3,Tokyo,50
3102,4,Niigata,1
3102,4,Tokyo,28
3102,5,Tokyo,53
3102,6,Niigata,1
3102,6,Tokyo,51
3102,7,Niigata,1
3102,7,Tokyo,72
3102,8,Tokyo,78
3102,9,Niigata,2
3102,9,Tokyo,148
3102,10,Tokyo,147
3102,11,Tokyo,237
3102,12,Niigata,1
3102,12,Tokyo,226
3102,13,Niigata,4
3102,13,Tokyo,230
3102,14,Niigata,5
3102,14,Tokyo,130
3102,15,Niigata,2
3102,15,Tokyo,95
3102,16,Niigata,4
3102,16,Tokyo,115
3102,17,Niigata,1
3102,17,Tokyo,118
3102,18,Niigata,2
3102,18,Tokyo,466
3102,19,Tokyo,42
3102,20,Niigata,4
3102,20,Tokyo,64
3102,21,Niigata,1
3102,21,Tokyo,66
3102,22,Niigata,5
3102,22,Tokyo,80
3102,23,Niigata,4
3102,23,Tokyo,81
3102,24,Niigata,3
3102,24,Tokyo,102
3102,25,Niigata,4
3102,25,Tokyo,101
3102,26,Niigata,1
3102,26,Tokyo,85
3102,27,Niigata,4
3102,27,Tokyo,105
3102,28,Niigata,4
3102,28,Tokyo,101
3102,29,Niigata,3
3102,29,Tokyo,114
3102,30,Tokyo,141
3102,31,Niigata,5
3102,31,Tokyo,216
3102,32,Niigata,1
3102,32,Tokyo,368
3102,33,Niigata,3
3102,33,Tokyo,371
3102,34,Niigata,3
3102,34,Tokyo,181
3102,35,Niigata,4
3102,35,Tokyo,109
3102,36,Niigata,1
3102,36,Tokyo,63
3102,37,Niigata,4
3102,37,Tokyo,62
3102,38,Niigata,2
3102,38,Tokyo,78
3102,39,Niigata,2
3102,39,Tokyo,54
3102,40,Niigata,3
3102,40,Tokyo,70
3102,41,Niigata,1
3102,41,Tokyo,57
3102,42,Tokyo,36
3102,43,Niigata,2
3102,43,Tokyo,44
3102,44,Niigata,2
3102,44,Tokyo,91
3102,45,Niigata,3
3102,45,Tokyo,58
3102,46,Niigata,1
3102,46,Tokyo,114
3104,1,Niigata,28
3104,1,Tokyo,29
3104,2,Niigata,36
3104,2,Tokyo,22
3104,3,Niigata,26
3104,3,Tokyo,22
3104,4,Niigata,19
3104,4,Tokyo,17
3104,5,Niigata,33
3104,5,Tokyo,32
3104,6,Niigata,19
3104,6,Tokyo,28
3104,7,Niigata,27
3104,7,Tokyo,24
3104,8,Niigata,16
3104,8,Tokyo,30
3104,9,Niigata,27
3104,9,Tokyo,37
3104,10,Niigata,31
3104,10,Tokyo,40
3104,11,Niigata,18
3104,11,Tokyo,32
3104,12,Niigata,40
3104,12,Tokyo,18
3104,13,Niigata,39
3104,13,Tokyo,29
3104,14,Niigata,31
3104,14,Tokyo,21
3104,15,Niigata,19
3104,15,Tokyo,19
3104,16,Niigata,19
3104,16,Tokyo,32
3104,17,Niigata,22
3104,17,Tokyo,13
3104,18,Niigata,29
3104,18,Tokyo,33
3104,19,Niigata,19
3104,19,Tokyo,18
3104,20,Niigata,15
3104,20,Tokyo,20
3104,21,Niigata,11
3104,21,Tokyo,17
3104,22,Niigata,19
3104,22,Tokyo,19
3104,23,Niigata,20
3104,23,Tokyo,14
3104,24,Niigata,22
3104,24,Tokyo,22
3104,25,Niigata,14
3104,25,Tokyo,22
3104,26,Niigata,20
3104,26,Tokyo,23
3104,27,Niigata,30
3104,27,Tokyo,24
3104,28,Niigata,14
3104,28,Tokyo,13
3104,29,Niigata,23
3104,29,Tokyo,16
3104,30,Niigata,17
3104,30,Tokyo,15
3104,31,Niigata,20
3104,31,Tokyo,9
3104,32,Niigata,10
3104,32,Tokyo,12
3104,33,Niigata,11
3104,33,Tokyo,16
3104,34,Niigata,17
3104,34,Tokyo,8
3104,35,Niigata,8
3104,35,Tokyo,8
3104,36,Niigata,13
3104,36,Tokyo,14
3104,37,Niigata,7
3104,37,Tokyo,10
3104,38,Niigata,10
3104,38,Tokyo,9
3104,39,Niigata,13
3104,39,Tokyo,17
3104,40,Niigata,13
3104,40,Tokyo,13
3104,41,Niigata,14
3104,41,Tokyo,10
3104,42,Niigata,14
3104,42,Tokyo,7
3104,43,Niigata,10
3104,43,Tokyo,7
3104,44,Niigata,11
3104,44,Tokyo,13
3104,45,Niigata,12
3104,45,Tokyo,6
3104,46,Niigata,8
3104,46,Tokyo,8
3105,2,Niigata,1
3107,3,Niigata,1
3107,3,Tokyo,1
3107,7,Tokyo,1
3107,10,Niigata,4
3107,16,Tokyo,2
3107,21,Tokyo,1
3107,39,Tokyo,1
3108,1,Niigata,3
3108,2,Niigata,2
3108,3,Niigata,4
3108,4,Niigata,1
3108,5,Niigata,3
3108,6,Niigata,1
3108,9,Niigata,2
3108,10,Niigata,7
3108,11,Niigata,8
3108,12,Niigata,7
3108,13,Niigata,4
3108,14,Niigata,7
3108,15,Niigata,4
3108,16,Niigata,4
3108,17,Niigata,2
3108,18,Niigata,2
3108,20,Niigata,3
3108,21,Niigata,9
3108,23,Niigata,1
3108,24,Niigata,4
3108,25,Niigata,3
3108,26,Niigata,1
3108,28,Niigata,1
3108,29,Niigata,1
3108,30,Niigata,1
3108,31,Niigata,7
3108,33,Niigata,1
3108,36,Niigata,3
3108,37,Niigata,2
3108,38,Niigata,4
3108,39,Niigata,2
3108,40,Niigata,1
3108,44,Niigata,1
3108,46,Niigata,6
3109,1,Niigata,84
3109,1,Tokyo,8
3109,2,Niigata,67
3109,2,Tokyo,2
3109,3,Niigata,46
3109,3,Tokyo,1
3109,4,Niigata,49
3109,4,Tokyo,3
3109,5,Niigata,67
3109,5,Tokyo,1
3109,6,Niigata,48
3109,6,Tokyo,4
3109,7,Niigata,47
3109,8,Niigata,35
3109,8,Tokyo,1
3109,9,Niigata,40
3109,9,Tokyo,2
3109,10,Niigata,42
3109,11,Niigata,34
3109,12,Niigata,28
3109,12,Tokyo,2
3109,13,Niigata,36
3109,13,Tokyo,2
3109,14,Niigata,38
3109,15,Niigata,27
3109,16,Niigata,36
3109,17,Niigata,28
3109,17,Tokyo,1
3109,18,Niigata,51
3109,19,Niigata,32
3109,19,Tokyo,3
3109,20,Niigata,38
3109,21,Niigata,28
3109,21,Tokyo,1
3109,22,Niigata,54
3109,23,Niigata,36
3109,24,Niigata,29
3109,24,Tokyo,1
3109,25,Niigata,37
3109,25,Tokyo,1
3109,26,Niigata,38
3109,26,Tokyo,1
3109,27,Niigata,46
3109,27,Tokyo,1
3109,28,Niigata,28
3109,29,Niigata,38
3109,29,Tokyo,2
3109,30,Niigata,34
3109,30,Tokyo,1
3109,31,Niigata,52
3109,32,Niigata,47
3109,33,Niigata,30
3109,34,Niigata,30
3109,35,Niigata,39
3109,35,Tokyo,1
3109,36,Niigata,19
3109,37,Niigata,19
3109,37,Tokyo,1
3109,38,Niigata,25
3109,39,Niigata,28
3109,40,Niigata,24
3109,40,Tokyo,1
3109,41,Niigata,27
3109,42,Niigata,16
3109,43,Niigata,22
3109,44,Niigata,27
3109,45,Niigata,9
3109,45,Tokyo,1
3109,46,Niigata,16
3110,1,Niigata,93
3110,2,Niigata,62
3110,3,Niigata,60
3110,4,Niigata,41
3110,5,Niigata,51
3110,6,Niigata,43
3110,7,Niigata,42
3110,8,Niigata,46
3110,9,Niigata,63
3110,10,Niigata,53
3110,11,Niigata,44
3110,12,Niigata,51
3110,13,Niigata,53
3110,14,Niigata,51
3110,15,Niigata,54
3110,16,Niigata,47
3110,17,Niigata,45
3110,18,Niigata,97
3110,19,Niigata,71
3110,20,Niigata,73
3110,21,Niigata,80
3110,22,Niigata,60
3110,23,Niigata,58
3110,24,Niigata,46
3110,25,Niigata,46
3110,26,Niigata,50
3110,27,Niigata,66
3110,28,Niigata,38
3110,29,Niigata,32
3110,30,Niigata,43
3110,31,Niigata,49
3110,32,Niigata,32
3110,33,Niigata,34
3110,34,Niigata,29
3110,35,Niigata,19
3110,36,Niigata,33
3110,37,Niigata,38
3110,38,Niigata,30
3110,39,Niigata,28
3110,40,Niigata,28
3110,41,Niigata,32
3110,42,Niigata,32
3110,43,Niigata,27
3110,44,Niigata,35
3110,45,Niigata,100
3110,46,Niigata,102
3199,1,Niigata,2
3199,2,Niigata,1
3199,3,Niigata,2
3199,7,Niigata,1
3199,8,Niigata,1
3199,9,Niigata,1
3199,10,Niigata,2
3199,11,Niigata,1
3199,11,Tokyo,125
3199,12,Tokyo,715
3199,13,Tokyo,308
3199,14,Niigata,1
3199,14,Tokyo,154
3199,15,Niigata,2
3199,15,Tokyo,117
3199,16,Tokyo,82
3199,17,Niigata,1
3199,17,Tokyo,5
3199,18,Niigata,1
3199,18,Tokyo,308
3199,19,Tokyo,102
3199,20,Tokyo,2
3199,21,Tokyo,6
3199,22,Tokyo,6
3199,23,Tokyo,3
3199,24,Tokyo,21
3199,25,Niigata,1
3199,25,Tokyo,2
3199,26,Niigata,3
3199,26,Tokyo,4
3199,27,Tokyo,1
3199,28,Tokyo,1
3199,29,Tokyo,2
3199,30,Tokyo,1
3199,31,Tokyo,4
3199,32,Niigata,1
3199,32,Tokyo,1
3199,33,Niigata,1
3199,33,Tokyo,3
3199,35,Tokyo,1
3199,36,Tokyo,1
3199,40,Niigata,1
3199,41,Niigata,4
3199,41,Tokyo,2
3199,42,Tokyo,1
3199,43,Tokyo,2
3199,44,Niigata,1
3199,45,Tokyo,4
3199,46,Tokyo,5
3200,1,Niigata,9
3200,1,Tokyo,17224
3200,2,Niigata,16
3200,2,Tokyo,14472
3200,3,Niigata,36
3200,3,Tokyo,13689
3200,4,Niigata,76
3200,4,Tokyo,12886
3200,5,Niigata,54
3200,5,Tokyo,12896
3200,6,Niigata,7
3200,6,Tokyo,13138
3200,7,Niigata,5
3200,7,Tokyo,13003
3200,8,Niigata,2
3200,8,Tokyo,13917
3200,9,Niigata,5
3200,9,Tokyo,12455
3200,10,Niigata,1
3200,10,Tokyo,11289
3200,11,Niigata,3
3200,11,Tokyo,10180
3200,12,Niigata,4
3200,12,Tokyo,8663
3200,13,Niigata,1
3200,13,Tokyo,7775
3200,14,Niigata,4
3200,14,Tokyo,8784
3200,15,Niigata,3
3200,15,Tokyo,8863
3200,16,Niigata,2
3200,16,Tokyo,7897
3200,17,Tokyo,8767
3200,18,Tokyo,11617
3200,19,Tokyo,10795
3200,20,Niigata,2
3200,20,Tokyo,10797
3200,21,Niigata,4
3200,21,Tokyo,9348
3200,22,Niigata,3
3200,22,Tokyo,11277
3200,23,Niigata,3
3200,23,Tokyo,7331
3200,24,Niigata,7
3200,24,Tokyo,3395
3200,25,Niigata,2
3200,25,Tokyo,3201
3200,26,Niigata,3
3200,26,Tokyo,2928
3200,27,Niigata,3
3200,27,Tokyo,3151
3200,28,Niigata,2
3200,28,Tokyo,3056
3200,29,Niigata,4
3200,29,Tokyo,3548
3200,30,Niigata,18
3200,30,Tokyo,3476
3200,31,Niigata,19
3200,31,Tokyo,3183
3200,32,Niigata,8
3200,32,Tokyo,3557
3200,33,Niigata,9
3200,33,Tokyo,3855
3200,34,Niigata,7
3200,34,Tokyo,3681
3200,35,Niigata,11
3200,35,Tokyo,4055
3200,36,Niigata,8
3200,36,Tokyo,3355
3200,37,Niigata,2
3200,37,Tokyo,3737
3200,38,Niigata,5
3200,38,Tokyo,3535
3200,39,Niigata,2
3200,39,Tokyo,3229
3200,40,Niigata,5
3200,40,Tokyo,3096
3200,41,Niigata,3
3200,41,Tokyo,3994
3200,42,Niigata,7
3200,42,Tokyo,4232
3200,43,Niigata,10
3200,43,Tokyo,3980
3200,44,Niigata,3
3200,44,Tokyo,4578
3200,45,Niigata,3
3200,45,Tokyo,4288
3200,46,Niigata,2
3200,46,Tokyo,4081
3201,1,Tokyo,11627
3201,2,Tokyo,10794
3201,3,Tokyo,8853
3201,4,Tokyo,9985
3201,5,Tokyo,9995
3201,6,Tokyo,9643
3201,7,Tokyo,9704
3201,8,Tokyo,9330
3201,9,Tokyo,9606
3201,10,Tokyo,10091
3201,11,Tokyo,9356
3201,12,Tokyo,8996
3201,13,Tokyo,6042
3201,14,Tokyo,7146
3201,15,Tokyo,5210
3201,16,Tokyo,5604
3201,17,Tokyo,7801
3201,18,Tokyo,5780
3201,19,Tokyo,4747
3201,20,Tokyo,4310
3201,21,Tokyo,4363
3201,22,Tokyo,4800
3201,23,Tokyo,4472
3201,24,Tokyo,1874
3201,25,Tokyo,925
3201,26,Tokyo,854
3201,27,Tokyo,882
3201,28,Tokyo,1980
3201,29,Tokyo,1195
3201,30,Tokyo,1194
3201,31,Tokyo,1100
3201,32,Tokyo,1126
3201,33,Tokyo,1028
3201,34,Tokyo,975
3201,35,Tokyo,793
3201,36,Tokyo,767
3201,37,Tokyo,803
3201,38,Tokyo,773
3201,39,Tokyo,611
3201,40,Tokyo,583
3201,41,Tokyo,627
3201,42,Tokyo,690
3201,43,Tokyo,774
3201,44,Tokyo,672
3201,45,Tokyo,654
3201,46,Tokyo,604
3202,1,Tokyo,402
3202,2,Tokyo,341
3202,3,Tokyo,308
3202,4,Tokyo,296
3202,5,Tokyo,317
3202,6,Tokyo,259
3202,7,Tokyo,291
3202,8,Tokyo,316
3202,9,Tokyo,252
3202,10,Tokyo,319
3202,11,Tokyo,198
3202,12,Tokyo,222
3202,13,Tokyo,237
3202,14,Tokyo,284
3202,15,Tokyo,272
3202,16,Tokyo,254
3202,17,Tokyo,301
3202,18,Tokyo,490
3202,19,Tokyo,328
3202,20,Tokyo,271
3202,21,Tokyo,270
3202,22,Tokyo,236
3202,23,Tokyo,230
3202,24,Tokyo,237
3202,25,Tokyo,228
3202,26,Tokyo,231
3202,27,Tokyo,224
3202,28,Tokyo,197
3202,29,Tokyo,238
3202,30,Tokyo,242
3202,31,Tokyo,201
3202,32,Tokyo,293
3202,33,Tokyo,322
3202,34,Tokyo,266
3202,35,Tokyo,282
3202,36,Tokyo,310
3202,37,Tokyo,312
3202,38,Tokyo,298
3202,39,Tokyo,242
3202,40,Tokyo,251
3202,41,Tokyo,261
3202,42,Tokyo,298
3202,43,Tokyo,271
3202,44,Tokyo,315
3202,45,Tokyo,328
3202,46,Tokyo,290
3203,1,Niigata,42
3203,1,Tokyo,19
3203,2,Niigata,13
3203,2,Tokyo,16
3203,3,Niigata,17
3203,3,Tokyo,16
3203,4,Niigata,18
3203,4,Tokyo,23
3203,5,Niigata,14
3203,5,Tokyo,29
3203,6,Niigata,10
3203,6,Tokyo,37
3203,7,Niigata,10
3203,7,Tokyo,42
3203,8,Niigata,8
3203,8,Tokyo,35
3203,9,Niigata,17
3203,9,Tokyo,46
3203,10,Niigata,30
3203,10,Tokyo,50
3203,11,Niigata,24
3203,11,Tokyo,51
3203,12,Niigata,34
3203,12,Tokyo,40
3203,13,Niigata,32
3203,13,Tokyo,63
3203,14,Niigata,16
3203,14,Tokyo,66
3203,15,Niigata,18
3203,15,Tokyo,42
3203,16,Niigata,15
3203,16,Tokyo,41
3203,17,Niigata,21
3203,17,Tokyo,38
3203,18,Niigata,17
3203,18,Tokyo,45
3203,19,Niigata,24
3203,19,Tokyo,44
3203,20,Niigata,70
3203,20,Tokyo,39
3203,21,Niigata,90
3203,21,Tokyo,40
3203,22,Niigata,88
3203,22,Tokyo,33
3203,23,Niigata,101
3203,23,Tokyo,39
3203,24,Niigata,117
3203,24,Tokyo,31
3203,25,Niigata,96
3203,25,Tokyo,30
3203,26,Niigata,10
3203,26,Tokyo,33
3203,27,Niigata,3
3203,27,Tokyo,31
3203,28,Tokyo,40
3203,29,Niigata,1
3203,29,Tokyo,28
3203,30,Niigata,5
3203,30,Tokyo,41
3203,31,Niigata,5
3203,31,Tokyo,38
3203,32,Niigata,2
3203,32,Tokyo,35
3203,33,Niigata,4
3203,33,Tokyo,39
3203,34,Niigata,7
3203,34,Tokyo,47
3203,35,Niigata,7
3203,35,Tokyo,44
3203,36,Niigata,6
3203,36,Tokyo,39
3203,37,Niigata,8
3203,37,Tokyo,48
3203,38,Niigata,7
3203,38,Tokyo,41
3203,39,Niigata,5
3203,39,Tokyo,37
3203,40,Niigata,12
3203,40,Tokyo,31
3203,41,Niigata,8
3203,41,Tokyo,27
3203,42,Niigata,14
3203,42,Tokyo,35
3203,43,Niigata,4
3203,43,Tokyo,40
3203,44,Niigata,5
3203,44,Tokyo,45
3203,45,Niigata,6
3203,45,Tokyo,34
3203,46,Niigata,5
3203,46,Tokyo,34
3299,1,Niigata,17
3299,1,Tokyo,5351
3299,2,Niigata,17
3299,2,Tokyo,7969
3299,3,Niigata,10
3299,3,Tokyo,10217
3299,4,Niigata,9
3299,4,Tokyo,11031
3299,5,Niigata,11
3299,5,Tokyo,8954
3299,6,Niigata,1
3299,6,Tokyo,4707
3299,7,Niigata,8
3299,7,Tokyo,4422
3299,8,Niigata,8
3299,8,Tokyo,4332
3299,9,Niigata,2
3299,9,Tokyo,4220
3299,10,Tokyo,4616
3299,11,Tokyo,4248
3299,12,Tokyo,4488
3299,13,Tokyo,4714
3299,14,Tokyo,4216
3299,15,Tokyo,3587
3299,16,Tokyo,3697
3299,17,Tokyo,3659
3299,18,Tokyo,4440
3299,19,Tokyo,4183
3299,20,Tokyo,3893
3299,21,Tokyo,4178
3299,22,Tokyo,3914
3299,23,Niigata,101
3299,23,Tokyo,3625
3299,24,Niigata,100
3299,24,Tokyo,3074
3299,25,Niigata,70
3299,25,Tokyo,2699
3299,26,Niigata,62
3299,26,Tokyo,2851
3299,27,Niigata,31
3299,27,Tokyo,2253
3299,28,Niigata,31
3299,28,Tokyo,2317
3299,29,Niigata,48
3299,29,Tokyo,2351
3299,30,Niigata,34
3299,30,Tokyo,2439
3299,31,Niigata,16
3299,31,Tokyo,2599
3299,32,Tokyo,2743
3299,33,Tokyo,2791
3299,34,Niigata,1
3299,34,Tokyo,2590
3299,35,Tokyo,2504
3299,36,Tokyo,2297
3299,37,Tokyo,2418
3299,38,Tokyo,2380
3299,39,Tokyo,2080
3299,40,Tokyo,2087
3299,41,Tokyo,2469
3299,42,Tokyo,2422
3299,43,Tokyo,2093
3299,44,Tokyo,1674
3299,45,Tokyo,1444
3299,46,Tokyo,1495
4000,1,Niigata,9
4000,1,Tokyo,237
4000,2,Niigata,11
4000,2,Tokyo,241
4000,3,Niigata,9
4000,3,Tokyo,235
4000,4,Niigata,10
4000,4,Tokyo,219
4000,5,Niigata,15
4000,5,Tokyo,345
4000,6,Niigata,27
4000,6,Tokyo,283
4000,7,Niigata,23
4000,7,Tokyo,318
4000,8,Niigata,12
4000,8,Tokyo,324
4000,9,Niigata,15
4000,9,Tokyo,543
4000,10,Niigata,35
4000,10,Tokyo,436
4000,11,Niigata,22
4000,11,Tokyo,450
4000,12,Niigata,25
4000,12,Tokyo,540
4000,13,Niigata,62
4000,13,Tokyo,1142
4000,14,Niigata,35
4000,14,Tokyo,393
4000,15,Niigata,36
4000,15,Tokyo,324
4000,16,Niigata,21
4000,16,Tokyo,335
4000,17,Niigata,21
4000,17,Tokyo,298
4000,18,Niigata,9
4000,18,Tokyo,163
4000,19,Niigata,43
4000,19,Tokyo,110
4000,20,Niigata,87
4000,20,Tokyo,119
4000,21,Niigata,70
4000,21,Tokyo,106
4000,22,Niigata,57
4000,22,Tokyo,152
4000,23,Niigata,36
4000,23,Tokyo,89
4000,24,Niigata,42
4000,24,Tokyo,99
4000,25,Niigata,32
4000,25,Tokyo,102
4000,26,Niigata,38
4000,26,Tokyo,164
4000,27,Niigata,35
4000,27,Tokyo,158
4000,28,Niigata,22
4000,28,Tokyo,127
4000,29,Niigata,40
4000,29,Tokyo,146
4000,30,Niigata,23
4000,30,Tokyo,162
4000,31,Niigata,20
4000,31,Tokyo,149
4000,32,Niigata,21
4000,32,Tokyo,153
4000,33,Niigata,124
4000,33,Tokyo,151
4000,34,Niigata,34
4000,34,Tokyo,145
4000,35,Niigata,15
4000,35,Tokyo,229
4000,36,Niigata,35
4000,36,Tokyo,159
4000,37,Niigata,16
4000,37,Tokyo,185
4000,38,Niigata,246
4000,38,Tokyo,185
4000,39,Niigata,118
4000,39,Tokyo,290
4000,40,Niigata,73
4000,40,Tokyo,205
4000,41,Niigata,45
4000,41,Tokyo,200
4000,42,Niigata,37
4000,42,Tokyo,228
4000,43,Niigata,22
4000,43,Tokyo,230
4000,44,Niigata,26
4000,44,Tokyo,262
4000,45,Niigata,15
4000,45,Tokyo,224
4000,46,Niigata,18
4000,46,Tokyo,228
4001,1,Niigata,16
4001,2,Niigata,22
4001,3,Niigata,24
4001,4,Niigata,23
4001,5,Niigata,41
4001,6,Niigata,23
4001,7,Niigata,27
4001,8,Niigata,51
4001,9,Niigata,67
4001,10,Niigata,33
4001,11,Niigata,27
4001,12,Niigata,55
4001,13,Niigata,78
4001,14,Niigata,57
4001,15,Niigata,49
4001,16,Niigata,77
4001,17,Niigata,114
4001,18,Niigata,11
4001,19,Niigata,7
4001,20,Niigata,9
4001,21,Niigata,10
4001,22,Niigata,2
4001,23,Niigata,5
4001,24,Niigata,1
4001,25,Niigata,6
4001,26,Niigata,4
4001,27,Niigata,8
4001,28,Niigata,8
4001,29,Niigata,2
4001,30,Niigata,3
4001,31,Niigata,5
4001,32,Niigata,2
4001,33,Niigata,2
4001,34,Niigata,1
4001,35,Niigata,5
4001,36,Niigata,1
4001,37,Niigata,7
4001,38,Niigata,3
4001,39,Niigata,1
4001,40,Niigata,1
4001,41,Niigata,3
4001,42,Niigata,1
4001,43,Niigata,1
4001,44,Niigata,9
4001,45,Niigata,3
4001,46,Niigata,4
4099,1,Niigata,394
4099,1,Tokyo,3479
4099,2,Niigata,881
4099,2,Tokyo,3005
4099,3,Niigata,405
4099,3,Tokyo,2881
4099,4,Niigata,300
4099,4,Tokyo,2883
4099,5,Niigata,375
4099,5,Tokyo,2841
4099,6,Niigata,237
4099,6,Tokyo,2887
4099,7,Niigata,226
4099,7,Tokyo,2749
4099,8,Niigata,270
4099,8,Tokyo,2704
4099,9,Niigata,302
4099,9,Tokyo,3066
4099,10,Niigata,320
4099,10,Tokyo,2907
4099,11,Niigata,232
4099,11,Tokyo,2796
4099,12,Niigata,308
4099,12,Tokyo,3518
4099,13,Niigata,256
4099,13,Tokyo,3077
4099,14,Niigata,250
4099,14,Tokyo,2888
4099,15,Niigata,179
4099,15,Tokyo,3286
4099,16,Niigata,197
4099,16,Tokyo,3251
4099,17,Niigata,124
4099,17,Tokyo,3136
4099,18,Niigata,141
4099,18,Tokyo,4030
4099,19,Niigata,154
4099,19,Tokyo,3139
4099,20,Niigata,156
4099,20,Tokyo,3159
4099,21,Niigata,211
4099,21,Tokyo,3289
4099,22,Niigata,247
4099,22,Tokyo,3435
4099,23,Niigata,212
4099,23,Tokyo,3303
4099,24,Niigata,185
4099,24,Tokyo,3203
4099,25,Niigata,212
4099,25,Tokyo,3476
4099,26,Niigata,257
4099,26,Tokyo,3350
4099,27,Niigata,233
4099,27,Tokyo,3030
4099,28,Niigata,198
4099,28,Tokyo,2657
4099,29,Niigata,197
4099,29,Tokyo,2888
4099,30,Niigata,200
4099,30,Tokyo,3042
4099,31,Niigata,223
4099,31,Tokyo,3176
4099,32,Niigata,241
4099,32,Tokyo,3273
4099,33,Niigata,245
4099,33,Tokyo,3628
4099,34,Niigata,195
4099,34,Tokyo,2793
4099,35,Niigata,226
4099,35,Tokyo,3194
4099,36,Niigata,245
4099,36,Tokyo,3330
4099,37,Niigata,291
4099,37,Tokyo,14043
4099,38,Niigata,217
4099,38,Tokyo,11167
4099,39,Niigata,237
4099,39,Tokyo,4723
4099,40,Niigata,262
4099,40,Tokyo,3777
4099,41,Niigata,329
4099,41,Tokyo,3641
4099,42,Niigata,287
4099,42,Tokyo,3881
4099,43,Niigata,227
4099,43,Tokyo,27241
4099,44,Niigata,250
4099,44,Tokyo,10094
4099,45,Niigata,295
4099,45,Tokyo,8512
4099,46,Niigata,385
4099,46,Tokyo,5538
4100,1,Niigata,85
4100,2,Niigata,139
4100,2,Tokyo,1
4100,3,Niigata,99
4100,4,Niigata,100
4100,5,Niigata,85
4100,6,Niigata,88
4100,7,Niigata,84
4100,8,Niigata,60
4100,9,Niigata,46
4100,10,Niigata,56
4100,11,Niigata,60
4100,11,Tokyo,4
4100,12,Niigata,38
4100,12,Tokyo,2
4100,13,Niigata,23
4100,13,Tokyo,2
4100,14,Niigata,56
4100,15,Niigata,46
4100,16,Niigata,32
4100,16,Tokyo,1
4100,17,Niigata,29
4100,18,Niigata,35
4100,19,Niigata,55
4100,20,Niigata,55
4100,21,Niigata,54
4100,22,Niigata,69
4100,22,Tokyo,2
4100,23,Niigata,64
4100,23,Tokyo,1
4100,24,Niigata,70
4100,24,Tokyo,1
4100,25,Niigata,62
4100,25,Tokyo,1
4100,26,Niigata,61
4100,26,Tokyo,1
4100,27,Niigata,67
4100,28,Niigata,65
4100,29,Niigata,67
4100,30,Niigata,64
4100,31,Niigata,52
4100,31,Tokyo,3
4100,32,Niigata,68
4100,32,Tokyo,2
4100,33,Niigata,71
4100,34,Niigata,77
4100,35,Niigata,53
4100,36,Niigata,66
4100,36,Tokyo,2
4100,37,Niigata,64
4100,38,Niigata,73
4100,38,Tokyo,1
4100,39,Niigata,59
4100,39,Tokyo,1
4100,40,Niigata,59
4100,40,Tokyo,4
4100,41,Niigata,67
4100,41,Tokyo,3
4100,42,Niigata,54
4100,42,Tokyo,6
4100,43,Niigata,59
4100,43,Tokyo,5
4100,44,Niigata,60
4100,44,Tokyo,2
4100,45,Niigata,57
4100,45,Tokyo,3
4100,46,Niigata,51
4101,1,Niigata,753
4101,1,Tokyo,925
4101,2,Niigata,980
4101,2,Tokyo,1126
4101,3,Niigata,842
4101,3,Tokyo,1071
4101,4,Niigata,828
4101,4,Tokyo,1024
4101,5,Niigata,883
4101,5,Tokyo,1124
4101,6,Niigata,727
4101,6,Tokyo,1021
4101,7,Niigata,730
4101,7,Tokyo,971
4101,8,Niigata,868
4101,8,Tokyo,1079
4101,9,Niigata,969
4101,9,Tokyo,1204
4101,10,Niigata,865
4101,10,Tokyo,1225
4101,11,Niigata,705
4101,11,Tokyo,1113
4101,12,Niigata,731
4101,12,Tokyo,1152
4101,13,Niigata,713
4101,13,Tokyo,1147
4101,14,Niigata,712
4101,14,Tokyo,1307
4101,15,Niigata,733
4101,15,Tokyo,1103
4101,16,Niigata,651
4101,16,Tokyo,970
4101,17,Niigata,550
4101,17,Tokyo,927
4101,18,Niigata,455
4101,18,Tokyo,688
4101,19,Niigata,567
4101,19,Tokyo,980
4101,20,Niigata,519
4101,20,Tokyo,1001
4101,21,Niigata,482
4101,21,Tokyo,968
4101,22,Niigata,442
4101,22,Tokyo,1024
4101,23,Niigata,514
4101,23,Tokyo,911
4101,24,Niigata,488
4101,24,Tokyo,995
4101,25,Niigata,466
4101,25,Tokyo,816
4101,26,Niigata,488
4101,26,Tokyo,827
4101,27,Niigata,514
4101,27,Tokyo,819
4101,28,Niigata,432
4101,28,Tokyo,810
4101,29,Niigata,452
4101,29,Tokyo,804
4101,30,Niigata,394
4101,30,Tokyo,670
4101,31,Niigata,343
4101,31,Tokyo,702
4101,32,Niigata,412
4101,32,Tokyo,740
4101,33,Niigata,442
4101,33,Tokyo,740
4101,34,Niigata,414
4101,34,Tokyo,920
4101,35,Niigata,502
4101,35,Tokyo,1012
4101,36,Niigata,464
4101,36,Tokyo,888
4101,37,Niigata,442
4101,37,Tokyo,941
4101,38,Niigata,469
4101,38,Tokyo,1030
4101,39,Niigata,491
4101,39,Tokyo,911
4101,40,Niigata,425
4101,40,Tokyo,854
4101,41,Niigata,533
4101,41,Tokyo,943
4101,42,Niigata,559
4101,42,Tokyo,1003
4101,43,Niigata,505
4101,43,Tokyo,934
4101,44,Niigata,410
4101,44,Tokyo,797
4101,45,Niigata,455
4101,45,Tokyo,850
4101,46,Niigata,453
4101,46,Tokyo,903
4199,1,Niigata,120
4199,1,Tokyo,60
4199,2,Niigata,242
4199,2,Tokyo,112
4199,3,Niigata,224
4199,3,Tokyo,121
4199,4,Niigata,218
4199,4,Tokyo,131
4199,5,Niigata,256
4199,5,Tokyo,193
4199,6,Niigata,217
4199,6,Tokyo,173
4199,7,Niigata,251
4199,7,Tokyo,153
4199,8,Niigata,246
4199,8,Tokyo,216
4199,9,Niigata,216
4199,9,Tokyo,213
4199,10,Niigata,228
4199,10,Tokyo,135
4199,11,Niigata,187
4199,11,Tokyo,134
4199,12,Niigata,280
4199,12,Tokyo,132
4199,13,Niigata,165
4199,13,Tokyo,140
4199,14,Niigata,161
4199,14,Tokyo,105
4199,15,Niigata,150
4199,15,Tokyo,98
4199,16,Niigata,172
4199,16,Tokyo,123
4199,17,Niigata,126
4199,17,Tokyo,95
4199,18,Niigata,93
4199,18,Tokyo,49
4199,19,Niigata,193
4199,19,Tokyo,96
4199,20,Niigata,183
4199,20,Tokyo,102
4199,21,Niigata,108
4199,21,Tokyo,77
4199,22,Niigata,145
4199,22,Tokyo,71
4199,23,Niigata,159
4199,23,Tokyo,106
4199,24,Niigata,152
4199,24,Tokyo,110
4199,25,Niigata,130
4199,25,Tokyo,42
4199,26,Niigata,110
4199,26,Tokyo,49
4199,27,Niigata,180
4199,27,Tokyo,56
4199,28,Niigata,171
4199,28,Tokyo,70
4199,29,Niigata,149
4199,29,Tokyo,53
4199,30,Niigata,130
4199,30,Tokyo,53
4199,31,Niigata,124
4199,31,Tokyo,44
4199,32,Niigata,118
4199,32,Tokyo,41
4199,33,Niigata,134
4199,33,Tokyo,34
4199,34,Niigata,176
4199,34,Tokyo,81
4199,35,Niigata,189
4199,35,Tokyo,65
4199,36,Niigata,181
4199,36,Tokyo,80
4199,37,Niigata,162
4199,37,Tokyo,99
4199,38,Niigata,155
4199,38,Tokyo,102
4199,39,Niigata,150
4199,39,Tokyo,82
4199,40,Niigata,131
4199,40,Tokyo,54
4199,41,Niigata,119
4199,41,Tokyo,55
4199,42,Niigata,130
4199,42,Tokyo,43
4199,43,Niigata,118
4199,43,Tokyo,61
4199,44,Niigata,110
4199,44,Tokyo,37
4199,45,Niigata,131
4199,45,Tokyo,49
4199,46,Niigata,116
4199,46,Tokyo,70
4200,1,Niigata,275
4200,1,Tokyo,2367
4200,2,Niigata,191
4200,2,Tokyo,2010
4200,3,Niigata,211
4200,3,Tokyo,1992
4200,4,Niigata,189
4200,4,Tokyo,1953
4200,5,Niigata,298
4200,5,Tokyo,2033
4200,6,Niigata,343
4200,6,Tokyo,1754
4200,7,Niigata,391
4200,7,Tokyo,1773
4200,8,Niigata,379
4200,8,Tokyo,1879
4200,9,Niigata,408
4200,9,Tokyo,1959
4200,10,Niigata,447
4200,10,Tokyo,1839
4200,11,Niigata,427
4200,11,Tokyo,1855
4200,12,Niigata,251
4200,12,Tokyo,1966
4200,13,Niigata,162
4200,13,Tokyo,1720
4200,14,Niigata,146
4200,14,Tokyo,1669
4200,15,Niigata,145
4200,15,Tokyo,1548
4200,16,Niigata,162
4200,16,Tokyo,1600
4200,17,Niigata,188
4200,17,Tokyo,1608
4200,18,Niigata,225
4200,18,Tokyo,2138
4200,19,Niigata,231
4200,19,Tokyo,1600
4200,20,Niigata,146
4200,20,Tokyo,1517
4200,21,Niigata,164
4200,21,Tokyo,1533
4200,22,Niigata,178
4200,22,Tokyo,1523
4200,23,Niigata,170
4200,23,Tokyo,1485
4200,24,Niigata,159
4200,24,Tokyo,1659
4200,25,Niigata,163
4200,25,Tokyo,1372
4200,26,Niigata,142
4200,26,Tokyo,1401
4200,27,Niigata,156
4200,27,Tokyo,1411
4200,28,Niigata,163
4200,28,Tokyo,1469
4200,29,Niigata,186
4200,29,Tokyo,1606
4200,30,Niigata,164
4200,30,Tokyo,1423
4200,31,Niigata,158
4200,31,Tokyo,1367
4200,32,Niigata,152
4200,32,Tokyo,1593
4200,33,Niigata,179
4200,33,Tokyo,1732
4200,34,Niigata,183
4200,34,Tokyo,1366
4200,35,Niigata,170
4200,35,Tokyo,1366
4200,36,Niigata,176
4200,36,Tokyo,1380
4200,37,Niigata,188
4200,37,Tokyo,1286
4200,38,Niigata,194
4200,38,Tokyo,1367
4200,39,Niigata,198
4200,39,Tokyo,1309
4200,40,Niigata,194
4200,40,Tokyo,1278
4200,41,Niigata,192
4200,41,Tokyo,1314
4200,42,Niigata,177
4200,42,Tokyo,1077
4200,43,Niigata,162
4200,43,Tokyo,1143
4200,44,Niigata,180
4200,44,Tokyo,1290
4200,45,Niigata,203
4200,45,Tokyo,1144
4200,46,Niigata,156
4200,46,Tokyo,1040
4300,1,Niigata,310
4300,1,Tokyo,3354
4300,2,Niigata,406
4300,2,Tokyo,4334
4300,3,Niigata,379
4300,3,Tokyo,4252
4300,4,Niigata,374
4300,4,Tokyo,4105
4300,5,Niigata,387
4300,5,Tokyo,4593
4300,6,Niigata,381
4300,6,Tokyo,4210
4300,7,Niigata,365
4300,7,Tokyo,3812
4300,8,Niigata,362
4300,8,Tokyo,3664
4300,9,Niigata,574
4300,9,Tokyo,4299
4300,10,Niigata,544
4300,10,Tokyo,3952
4300,11,Niigata,376
4300,11,Tokyo,3732
4300,12,Niigata,372
4300,12,Tokyo,3919
4300,13,Niigata,319
4300,13,Tokyo,3906
4300,14,Niigata,359
4300,14,Tokyo,4719
4300,15,Niigata,362
4300,15,Tokyo,4226
4300,16,Niigata,324
4300,16,Tokyo,3885
4300,17,Niigata,323
4300,17,Tokyo,3674
4300,18,Niigata,245
4300,18,Tokyo,3032
4300,19,Niigata,377
4300,19,Tokyo,4490
4300,20,Niigata,408
4300,20,Tokyo,4289
4300,21,Niigata,354
4300,21,Tokyo,3988
4300,22,Niigata,321
4300,22,Tokyo,4344
4300,23,Niigata,318
4300,23,Tokyo,4721
4300,24,Niigata,300
4300,24,Tokyo,4745
4300,25,Niigata,302
4300,25,Tokyo,4531
4300,26,Niigata,262
4300,26,Tokyo,4392
4300,27,Niigata,308
4300,27,Tokyo,4461
4300,28,Niigata,230
4300,28,Tokyo,4078
4300,29,Niigata,282
4300,29,Tokyo,4124
4300,30,Niigata,270
4300,30,Tokyo,3965
4300,31,Niigata,276
4300,31,Tokyo,4199
4300,32,Niigata,206
4300,32,Tokyo,3599
4300,33,Niigata,229
4300,33,Tokyo,4118
4300,34,Niigata,282
4300,34,Tokyo,4869
4300,35,Niigata,262
4300,35,Tokyo,5035
4300,36,Niigata,284
4300,36,Tokyo,5259
4300,37,Niigata,292
4300,37,Tokyo,4764
4300,38,Niigata,282
4300,38,Tokyo,4673
4300,39,Niigata,311
4300,39,Tokyo,4791
4300,40,Niigata,361
4300,40,Tokyo,4532
4300,41,Niigata,291
4300,41,Tokyo,4891
4300,42,Niigata,356
4300,42,Tokyo,4399
4300,43,Niigata,264
4300,43,Tokyo,4130
4300,44,Niigata,197
4300,44,Tokyo,3736
4300,45,Niigata,313
4300,45,Tokyo,4530
4300,46,Niigata,293
4300,46,Tokyo,4191
4301,1,Niigata,103
4301,1,Tokyo,263
4301,2,Niigata,90
4301,2,Tokyo,266
4301,3,Niigata,95
4301,3,Tokyo,341
4301,4,Niigata,85
4301,4,Tokyo,345
4301,5,Niigata,114
4301,5,Tokyo,453
4301,6,Niigata,107
4301,6,Tokyo,378
4301,7,Niigata,103
4301,7,Tokyo,321
4301,8,Niigata,113
4301,8,Tokyo,325
4301,9,Niigata,98
4301,9,Tokyo,320
4301,10,Niigata,114
4301,10,Tokyo,318
4301,11,Niigata,120
4301,11,Tokyo,266
4301,12,Niigata,93
4301,12,Tokyo,311
4301,13,Niigata,91
4301,13,Tokyo,295
4301,14,Niigata,141
4301,14,Tokyo,293
4301,15,Niigata,79
4301,15,Tokyo,258
4301,16,Niigata,56
4301,16,Tokyo,299
4301,17,Niigata,69
4301,17,Tokyo,264
4301,18,Niigata,40
4301,18,Tokyo,216
4301,19,Niigata,77
4301,19,Tokyo,243
4301,20,Niigata,71
4301,20,Tokyo,280
4301,21,Niigata,61
4301,21,Tokyo,276
4301,22,Niigata,70
4301,22,Tokyo,251
4301,23,Niigata,47
4301,23,Tokyo,269
4301,24,Niigata,49
4301,24,Tokyo,239
4301,25,Niigata,54
4301,25,Tokyo,219
4301,26,Niigata,42
4301,26,Tokyo,222
4301,27,Niigata,58
4301,27,Tokyo,230
4301,28,Niigata,66
4301,28,Tokyo,211
4301,29,Niigata,48
4301,29,Tokyo,222
4301,30,Niigata,35
4301,30,Tokyo,247
4301,31,Niigata,62
4301,31,Tokyo,208
4301,32,Niigata,58
4301,32,Tokyo,165
4301,33,Niigata,44
4301,33,Tokyo,181
4301,34,Niigata,33
4301,34,Tokyo,183
4301,35,Niigata,33
4301,35,Tokyo,166
4301,36,Niigata,38
4301,36,Tokyo,182
4301,37,Niigata,66
4301,37,Tokyo,167
4301,38,Niigata,123
4301,38,Tokyo,177
4301,39,Niigata,35
4301,39,Tokyo,154
4301,40,Niigata,25
4301,40,Tokyo,174
4301,41,Niigata,21
4301,41,Tokyo,171
4301,42,Niigata,46
4301,42,Tokyo,153
4301,43,Niigata,25
4301,43,Tokyo,144
4301,44,Niigata,22
4301,44,Tokyo,141
4301,45,Niigata,36
4301,45,Tokyo,137
4301,46,Niigata,32
4301,46,Tokyo,129
4302,1,Niigata,35
4302,1,Tokyo,1727
4302,2,Niigata,67
4302,2,Tokyo,2455
4302,3,Niigata,42
4302,3,Tokyo,2469
4302,4,Niigata,56
4302,4,Tokyo,2493
4302,5,Niigata,71
4302,5,Tokyo,2616
4302,6,Niigata,66
4302,6,Tokyo,2485
4302,7,Niigata,45
4302,7,Tokyo,2547
4302,8,Niigata,41
4302,8,Tokyo,2636
4302,9,Niigata,28
4302,9,Tokyo,2732
4302,10,Niigata,29
4302,10,Tokyo,2733
4302,11,Niigata,34
4302,11,Tokyo,2384
4302,12,Niigata,46
4302,12,Tokyo,2280
4302,13,Niigata,36
4302,13,Tokyo,2394
4302,14,Niigata,38
4302,14,Tokyo,2721
4302,15,Niigata,42
4302,15,Tokyo,2531
4302,16,Niigata,44
4302,16,Tokyo,2506
4302,17,Niigata,45
4302,17,Tokyo,2341
4302,18,Niigata,24
4302,18,Tokyo,1558
4302,19,Niigata,47
4302,19,Tokyo,2588
4302,20,Niigata,36
4302,20,Tokyo,2498
4302,21,Niigata,36
4302,21,Tokyo,2476
4302,22,Niigata,36
4302,22,Tokyo,2694
4302,23,Niigata,41
4302,23,Tokyo,2555
4302,24,Niigata,39
4302,24,Tokyo,2276
4302,25,Niigata,39
4302,25,Tokyo,2232
4302,26,Niigata,36
4302,26,Tokyo,1991
4302,27,Niigata,28
4302,27,Tokyo,2178
4302,28,Niigata,37
4302,28,Tokyo,1940
4302,29,Niigata,31
4302,29,Tokyo,1831
4302,30,Niigata,28
4302,30,Tokyo,1915
4302,31,Niigata,26
4302,31,Tokyo,2124
4302,32,Niigata,20
4302,32,Tokyo,1745
4302,33,Niigata,24
4302,33,Tokyo,1807
4302,34,Niigata,30
4302,34,Tokyo,2062
4302,35,Niigata,24
4302,35,Tokyo,2356
4302,36,Niigata,36
4302,36,Tokyo,2571
4302,37,Niigata,44
4302,37,Tokyo,2251
4302,38,Niigata,34
4302,38,Tokyo,2119
4302,39,Niigata,46
4302,39,Tokyo,2071
4302,40,Niigata,51
4302,40,Tokyo,2203
4302,41,Niigata,35
4302,41,Tokyo,2011
4302,42,Niigata,33
4302,42,Tokyo,1930
4302,43,Niigata,32
4302,43,Tokyo,1793
4302,44,Niigata,31
4302,44,Tokyo,1739
4302,45,Niigata,51
4302,45,Tokyo,1787
4302,46,Niigata,25
4302,46,Tokyo,1666
4399,1,Niigata,29
4399,1,Tokyo,61
4399,2,Niigata,45
4399,2,Tokyo,75
4399,3,Niigata,39
4399,3,Tokyo,43
4399,4,Niigata,50
4399,4,Tokyo,41
4399,5,Niigata,45
4399,5,Tokyo,48
4399,6,Niigata,51
4399,6,Tokyo,32
4399,7,Niigata,76
4399,7,Tokyo,70
4399,8,Niigata,63
4399,8,Tokyo,59
4399,9,Niigata,115
4399,9,Tokyo,62
4399,10,Niigata,51
4399,10,Tokyo,48
4399,11,Niigata,28
4399,11,Tokyo,43
4399,12,Niigata,11
4399,12,Tokyo,30
4399,13,Niigata,11
4399,13,Tokyo,46
4399,14,Niigata,51
4399,14,Tokyo,25
4399,15,Niigata,59
4399,15,Tokyo,19
4399,16,Niigata,38
4399,16,Tokyo,18
4399,17,Niigata,8
4399,17,Tokyo,22
4399,18,Niigata,25
4399,18,Tokyo,23
4399,19,Niigata,35
4399,19,Tokyo,19
4399,20,Niigata,31
4399,20,Tokyo,17
4399,21,Niigata,40
4399,21,Tokyo,29
4399,22,Niigata,41
4399,22,Tokyo,26
4399,23,Niigata,54
4399,23,Tokyo,32
4399,24,Niigata,28
4399,24,Tokyo,19
4399,25,Niigata,44
4399,25,Tokyo,31
4399,26,Niigata,55
4399,26,Tokyo,33
4399,27,Niigata,47
4399,27,Tokyo,27
4399,28,Niigata,30
4399,28,Tokyo,26
4399,29,Niigata,18
4399,29,Tokyo,37
4399,30,Niigata,18
4399,30,Tokyo,23
4399,31,Niigata,13
4399,31,Tokyo,38
4399,32,Niigata,16
4399,32,Tokyo,28
4399,33,Niigata,7
4399,33,Tokyo,72
4399,34,Niigata,17
4399,34,Tokyo,91
4399,35,Niigata,15
4399,35,Tokyo,41
4399,36,Niigata,23
4399,36,Tokyo,32
4399,37,Niigata,22
4399,37,Tokyo,45
4399,38,Niigata,20
4399,38,Tokyo,40
4399,39,Niigata,29
4399,39,Tokyo,43
4399,40,Niigata,20
4399,40,Tokyo,24
4399,41,Niigata,13
4399,41,Tokyo,37
4399,42,Niigata,21
4399,42,Tokyo,21
4399,43,Niigata,21
4399,43,Tokyo,26
4399,44,Niigata,11
4399,44,Tokyo,21
4399,45,Niigata,22
4399,45,Tokyo,12
4399,46,Niigata,19
4399,46,Tokyo,9
4400,1,Niigata,45
4400,1,Tokyo,925
4400,2,Niigata,68
4400,2,Tokyo,1038
4400,3,Niigata,67
4400,3,Tokyo,1125
4400,4,Niigata,76
4400,4,Tokyo,1154
4400,5,Niigata,69
4400,5,Tokyo,1147
4400,6,Niigata,67
4400,6,Tokyo,1024
4400,7,Niigata,76
4400,7,Tokyo,1048
4400,8,Niigata,66
4400,8,Tokyo,1125
4400,9,Niigata,56
4400,9,Tokyo,1128
4400,10,Niigata,72
4400,10,Tokyo,1051
4400,11,Niigata,77
4400,11,Tokyo,1250
4400,12,Niigata,67
4400,12,Tokyo,1426
4400,13,Niigata,78
4400,13,Tokyo,1495
4400,14,Niigata,85
4400,14,Tokyo,1190
4400,15,Niigata,109
4400,15,Tokyo,1283
4400,16,Niigata,97
4400,16,Tokyo,1494
4400,17,Niigata,95
4400,17,Tokyo,1289
4400,18,Niigata,103
4400,18,Tokyo,1386
4400,19,Niigata,113
4400,19,Tokyo,1547
4400,20,Niigata,123
4400,20,Tokyo,1763
4400,21,Niigata,148
4400,21,Tokyo,1922
4400,22,Niigata,127
4400,22,Tokyo,1975
4400,23,Niigata,107
4400,23,Tokyo,1743
4400,24,Niigata,104
4400,24,Tokyo,1728
4400,25,Niigata,145
4400,25,Tokyo,1772
4400,26,Niigata,133
4400,26,Tokyo,1846
4400,27,Niigata,117
4400,27,Tokyo,1838
4400,28,Niigata,86
4400,28,Tokyo,1554
4400,29,Niigata,100
4400,29,Tokyo,1743
4400,30,Niigata,111
4400,30,Tokyo,1694
4400,31,Niigata,80
4400,31,Tokyo,1439
4400,32,Niigata,88
4400,32,Tokyo,1028
4400,33,Niigata,89
4400,33,Tokyo,1342
4400,34,Niigata,76
4400,34,Tokyo,1433
4400,35,Niigata,82
4400,35,Tokyo,1278
4400,36,Niigata,87
4400,36,Tokyo,1165
4400,37,Niigata,69
4400,37,Tokyo,1079
4400,38,Niigata,77
4400,38,Tokyo,1049
4400,39,Niigata,70
4400,39,Tokyo,1071
4400,40,Niigata,73
4400,40,Tokyo,905
4400,41,Niigata,71
4400,41,Tokyo,890
4400,42,Niigata,55
4400,42,Tokyo,817
4400,43,Niigata,50
4400,43,Tokyo,754
4400,44,Niigata,60
4400,44,Tokyo,742
4400,45,Niigata,58
4400,45,Tokyo,788
4400,46,Niigata,43
4400,46,Tokyo,759
4401,1,Niigata,151
4401,1,Tokyo,3
4401,2,Niigata,160
4401,2,Tokyo,5
4401,3,Niigata,137
4401,3,Tokyo,2
4401,4,Niigata,101
4401,4,Tokyo,3
4401,5,Niigata,147
4401,5,Tokyo,2
4401,6,Niigata,168
4401,6,Tokyo,2
4401,7,Niigata,153
4401,7,Tokyo,2
4401,8,Niigata,69
4401,8,Tokyo,2
4401,9,Niigata,140
4401,9,Tokyo,2
4401,10,Niigata,178
4401,10,Tokyo,2
4401,11,Niigata,187
4401,11,Tokyo,3
4401,12,Niigata,107
4401,13,Niigata,113
4401,13,Tokyo,1
4401,14,Niigata,144
4401,15,Niigata,157
4401,15,Tokyo,1
4401,16,Niigata,144
4401,17,Niigata,122
4401,17,Tokyo,1
4401,18,Niigata,171
4401,18,Tokyo,6
4401,19,Niigata,147
4401,19,Tokyo,2
4401,20,Niigata,172
4401,20,Tokyo,1
4401,21,Niigata,130
4401,21,Tokyo,3
4401,22,Niigata,191
4401,22,Tokyo,1
4401,23,Niigata,177
4401,23,Tokyo,2
4401,24,Niigata,171
4401,24,Tokyo,5
4401,25,Niigata,142
4401,25,Tokyo,3
4401,26,Niigata,171
4401,26,Tokyo,4
4401,27,Niigata,118
4401,27,Tokyo,4
4401,28,Niigata,92
4401,28,Tokyo,2
4401,29,Niigata,83
4401,29,Tokyo,3
4401,30,Niigata,84
4401,30,Tokyo,13
4401,31,Niigata,80
4401,31,Tokyo,38
4401,32,Niigata,61
4401,32,Tokyo,36
4401,33,Niigata,93
4401,33,Tokyo,37
4401,34,Niigata,83
4401,34,Tokyo,28
4401,35,Niigata,70
4401,35,Tokyo,82
4401,36,Niigata,123
4401,36,Tokyo,144
4401,37,Niigata,129
4401,37,Tokyo,129
4401,38,Niigata,182
4401,38,Tokyo,86
4401,39,Niigata,121
4401,39,Tokyo,123
4401,40,Niigata,171
4401,40,Tokyo,112
4401,41,Niigata,178
4401,41,Tokyo,90
4401,42,Niigata,279
4401,42,Tokyo,80
4401,43,Niigata,152
4401,43,Tokyo,99
4401,44,Niigata,265
4401,44,Tokyo,111
4401,45,Niigata,196
4401,45,Tokyo,95
4401,46,Niigata,275
4401,46,Tokyo,107
4500,1,Niigata,435
4500,1,Tokyo,7
4500,2,Niigata,605
4500,2,Tokyo,27
4500,3,Niigata,336
4500,3,Tokyo,31
4500,4,Niigata,515
4500,4,Tokyo,38
4500,5,Niigata,621
4500,5,Tokyo,63
4500,6,Niigata,487
4500,6,Tokyo,55
4500,7,Niigata,478
4500,7,Tokyo,32
4500,8,Niigata,542
4500,8,Tokyo,31
4500,9,Niigata,1002
4500,9,Tokyo,96
4500,10,Niigata,603
4500,10,Tokyo,143
4500,11,Niigata,388
4500,11,Tokyo,160
4500,12,Niigata,592
4500,12,Tokyo,130
4500,13,Niigata,782
4500,13,Tokyo,207
4500,14,Niigata,689
4500,14,Tokyo,218
4500,15,Niigata,1123
4500,15,Tokyo,240
4500,16,Niigata,1518
4500,16,Tokyo,253
4500,17,Niigata,1553
4500,17,Tokyo,337
4500,18,Niigata,1020
4500,18,Tokyo,346
4500,19,Niigata,1502
4500,19,Tokyo,355
4500,20,Niigata,1233
4500,20,Tokyo,262
4500,21,Niigata,562
4500,21,Tokyo,360
4500,22,Niigata,818
4500,22,Tokyo,315
4500,23,Niigata,967
4500,23,Tokyo,339
4500,24,Niigata,698
4500,24,Tokyo,397
4500,25,Niigata,1363
4500,25,Tokyo,458
4500,26,Niigata,2877
4500,26,Tokyo,527
4500,27,Niigata,3419
4500,27,Tokyo,625
4500,28,Niigata,2463
4500,28,Tokyo,645
4500,29,Niigata,2348
4500,29,Tokyo,698
4500,30,Niigata,1841
4500,30,Tokyo,673
4500,31,Niigata,1472
4500,31,Tokyo,646
4500,32,Niigata,1795
4500,32,Tokyo,604
4500,33,Niigata,2134
4500,33,Tokyo,600
4500,34,Niigata,1502
4500,34,Tokyo,579
4500,35,Niigata,1967
4500,35,Tokyo,694
4500,36,Niigata,2808
4500,36,Tokyo,759
4500,37,Niigata,2662
4500,37,Tokyo,661
4500,38,Niigata,1223
4500,38,Tokyo,573
4500,39,Niigata,1471
4500,39,Tokyo,909
4500,40,Niigata,1803
4500,40,Tokyo,684
4500,41,Niigata,1611
4500,41,Tokyo,570
4500,42,Niigata,2358
4500,42,Tokyo,592
4500,43,Niigata,2893
4500,43,Tokyo,729
4500,44,Niigata,2595
4500,44,Tokyo,551
4500,45,Niigata,2455
4500,45,Tokyo,564
4500,46,Niigata,2614
4500,46,Tokyo,544
4900,1,Niigata,607
4900,2,Niigata,812
4900,2,Tokyo,1
4900,3,Niigata,937
4900,3,Tokyo,1
4900,4,Niigata,972
4900,4,Tokyo,16
4900,5,Niigata,907
4900,5,Tokyo,7
4900,6,Niigata,970
4900,6,Tokyo,5
4900,7,Niigata,875
4900,7,Tokyo,5
4900,8,Niigata,830
4900,9,Niigata,773
4900,9,Tokyo,1
4900,10,Niigata,750
4900,10,Tokyo,5
4900,11,Niigata,671
4900,11,Tokyo,29
4900,12,Niigata,669
4900,12,Tokyo,12
4900,13,Niigata,676
4900,13,Tokyo,3
4900,14,Niigata,750
4900,15,Niigata,696
4900,15,Tokyo,25
4900,16,Niigata,677
4900,16,Tokyo,2
4900,17,Niigata,690
4900,17,Tokyo,1
4900,18,Niigata,691
4900,19,Niigata,748
4900,19,Tokyo,31
4900,20,Niigata,753
4900,20,Tokyo,6
4900,21,Niigata,652
4900,21,Tokyo,1
4900,22,Niigata,632
4900,23,Niigata,673
4900,23,Tokyo,26
4900,24,Niigata,593
4900,24,Tokyo,12
4900,25,Niigata,656
4900,25,Tokyo,3
4900,26,Niigata,606
4900,26,Tokyo,22
4900,27,Niigata,595
4900,27,Tokyo,4
4900,28,Niigata,621
4900,28,Tokyo,5
4900,29,Niigata,577
4900,30,Niigata,646
4900,30,Tokyo,15
4900,31,Niigata,592
4900,31,Tokyo,12
4900,32,Niigata,547
4900,32,Tokyo,3
4900,33,Niigata,552
4900,33,Tokyo,4
4900,34,Niigata,557
4900,34,Tokyo,3
4900,35,Niigata,663
4900,35,Tokyo,23
4900,36,Niigata,714
4900,36,Tokyo,7
4900,37,Niigata,737
4900,37,Tokyo,2
4900,38,Niigata,796
4900,38,Tokyo,6
4900,39,Niigata,796
4900,39,Tokyo,19
4900,40,Niigata,661
4900,40,Tokyo,10
4900,41,Niigata,520
4900,41,Tokyo,2
4900,42,Niigata,606
4900,42,Tokyo,3
4900,43,Niigata,642
4900,43,Tokyo,1
4900,44,Niigata,580
4900,44,Tokyo,44
4900,45,Niigata,554
4900,45,Tokyo,2
4900,46,Niigata,516
4901,1,Niigata,2
4901,2,Niigata,16
4901,2,Tokyo,1
4901,3,Niigata,10
4901,4,Niigata,10
4901,4,Tokyo,1
4901,5,Niigata,8
4901,6,Niigata,7
4901,7,Niigata,4
4901,7,Tokyo,1
4901,8,Niigata,6
4901,9,Niigata,7
4901,10,Niigata,8
4901,11,Niigata,7
4901,11,Tokyo,1
4901,12,Niigata,7
4901,12,Tokyo,1
4901,13,Niigata,1
4901,14,Niigata,2
4901,15,Niigata,5
4901,17,Niigata,4
4901,18,Niigata,2
4901,19,Niigata,3
4901,19,Tokyo,2
4901,20,Niigata,8
4901,20,Tokyo,1
4901,21,Niigata,4
4901,22,Niigata,10
4901,23,Niigata,6
4901,23,Tokyo,2
4901,24,Niigata,8
4901,24,Tokyo,1
4901,25,Niigata,8
4901,26,Niigata,6
4901,27,Niigata,11
4901,28,Niigata,6
4901,28,Tokyo,1
4901,29,Niigata,5
4901,30,Niigata,13
4901,30,Tokyo,1
4901,31,Niigata,5
4901,32,Niigata,6
4901,32,Tokyo,1
4901,33,Niigata,9
4901,34,Niigata,3
4901,35,Niigata,8
4901,36,Niigata,5
4901,36,Tokyo,1
4901,37,Niigata,8
4901,38,Niigata,9
4901,39,Niigata,11
4901,39,Tokyo,1
4901,40,Niigata,2
4901,40,Tokyo,2
4901,41,Niigata,8
4901,42,Niigata,17
4901,43,Niigata,7
4901,44,Niigata,3
4901,45,Niigata,23
4901,45,Tokyo,1
4901,46,Niigata,11
4901,46,Tokyo,1
4999,1,Niigata,431
4999,1,Tokyo,4372
4999,2,Niigata,628
4999,2,Tokyo,4737
4999,3,Niigata,498
4999,3,Tokyo,4786
4999,4,Niigata,634
4999,4,Tokyo,4699
4999,5,Niigata,617
4999,5,Tokyo,5068
4999,6,Niigata,542
4999,6,Tokyo,4719
4999,7,Niigata,701
4999,7,Tokyo,5310
4999,8,Niigata,565
4999,8,Tokyo,5682
4999,9,Niigata,633
4999,9,Tokyo,6292
4999,10,Niigata,562
4999,10,Tokyo,6188
4999,11,Niigata,555
4999,11,Tokyo,6389
4999,12,Niigata,515
4999,12,Tokyo,8652
4999,13,Niigata,592
4999,13,Tokyo,9373
4999,14,Niigata,797
4999,14,Tokyo,7129
4999,15,Niigata,597
4999,15,Tokyo,6463
4999,16,Niigata,579
4999,16,Tokyo,6882
4999,17,Niigata,579
4999,17,Tokyo,6715
4999,18,Niigata,642
4999,18,Tokyo,7218
4999,19,Niigata,651
4999,19,Tokyo,6437
4999,20,Niigata,646
4999,20,Tokyo,6191
4999,21,Niigata,571
4999,21,Tokyo,7049
4999,22,Niigata,730
4999,22,Tokyo,6384
4999,23,Niigata,592
4999,23,Tokyo,4946
4999,24,Niigata,698
4999,24,Tokyo,5040
4999,25,Niigata,648
4999,25,Tokyo,5538
4999,26,Niigata,617
4999,26,Tokyo,6022
4999,27,Niigata,965
4999,27,Tokyo,4651
4999,28,Niigata,663
4999,28,Tokyo,4371
4999,29,Niigata,674
4999,29,Tokyo,4598
4999,30,Niigata,681
4999,30,Tokyo,4430
4999,31,Niigata,716
4999,31,Tokyo,4371
4999,32,Niigata,679
4999,32,Tokyo,3593
4999,33,Niigata,637
4999,33,Tokyo,4507
4999,34,Niigata,677
4999,34,Tokyo,4359
4999,35,Niigata,728
4999,35,Tokyo,4993
4999,36,Niigata,768
4999,36,Tokyo,5294
4999,37,Niigata,679
4999,37,Tokyo,5866
4999,38,Niigata,688
4999,38,Tokyo,6538
4999,39,Niigata,672
4999,39,Tokyo,7084
4999,40,Niigata,734
4999,40,Tokyo,8154
4999,41,Niigata,698
4999,41,Tokyo,6756
4999,42,Niigata,744
4999,42,Tokyo,7753
4999,43,Niigata,801
4999,43,Tokyo,8551
4999,44,Niigata,903
4999,44,Tokyo,8653
4999,45,Niigata,868
4999,45,Tokyo,8704
4999,46,Niigata,937
4999,46,Tokyo,9469
9000,2,Tokyo,1
9000,3,Tokyo,4
9000,5,Tokyo,4
9000,6,Tokyo,4
9000,10,Tokyo,1
9000,11,Tokyo,2
9000,12,Tokyo,1
9000,13,Tokyo,3
9000,14,Tokyo,2
9000,16,Tokyo,1
9000,17,Tokyo,2
9000,19,Tokyo,1
9000,21,Tokyo,2
9000,23,Tokyo,1
9000,24,Tokyo,2
9000,26,Tokyo,5
9000,28,Tokyo,2
9000,29,Tokyo,2
9000,32,Tokyo,2
9000,33,Tokyo,4
9000,35,Tokyo,2
9000,36,Tokyo,3
9000,38,Tokyo,1
9000,42,Tokyo,2
9000,44,Tokyo,4
9001,1,Niigata,61
9001,1,Tokyo,330
9001,2,Niigata,49
9001,2,Tokyo,344
9001,3,Niigata,55
9001,3,Tokyo,364
9001,4,Niigata,56
9001,4,Tokyo,317
9001,5,Niigata,47
9001,5,Tokyo,359
9001,6,Niigata,56
9001,6,Tokyo,357
9001,7,Niigata,74
9001,7,Tokyo,350
9001,8,Niigata,67
9001,8,Tokyo,363
9001,9,Niigata,77
9001,9,Tokyo,388
9001,10,Niigata,67
9001,10,Tokyo,376
9001,11,Niigata,60
9001,11,Tokyo,345
9001,12,Niigata,61
9001,12,Tokyo,378
9001,13,Niigata,62
9001,13,Tokyo,364
9001,14,Niigata,65
9001,14,Tokyo,356
9001,15,Niigata,58
9001,15,Tokyo,358
9001,16,Niigata,57
9001,16,Tokyo,393
9001,17,Niigata,60
9001,17,Tokyo,349
9001,18,Niigata,51
9001,18,Tokyo,333
9001,19,Niigata,62
9001,19,Tokyo,454
9001,20,Niigata,51
9001,20,Tokyo,396
9001,21,Niigata,49
9001,21,Tokyo,388
9001,22,Niigata,54
9001,22,Tokyo,379
9001,23,Niigata,40
9001,23,Tokyo,321
9001,24,Niigata,42
9001,24,Tokyo,321
9001,25,Niigata,42
9001,25,Tokyo,282
9001,26,Niigata,24
9001,26,Tokyo,298
9001,27,Niigata,42
9001,27,Tokyo,298
9001,28,Niigata,30
9001,28,Tokyo,277
9001,29,Niigata,20
9001,29,Tokyo,272
9001,30,Niigata,34
9001,30,Tokyo,242
9001,31,Niigata,34
9001,31,Tokyo,230
9001,32,Niigata,25
9001,32,Tokyo,229
9001,33,Niigata,32
9001,33,Tokyo,240
9001,34,Niigata,27
9001,34,Tokyo,247
9001,35,Niigata,35
9001,35,Tokyo,222
9001,36,Niigata,31
9001,36,Tokyo,230
9001,37,Niigata,19
9001,37,Tokyo,234
9001,38,Niigata,25
9001,38,Tokyo,244
9001,39,Niigata,26
9001,39,Tokyo,233
9001,40,Niigata,20
9001,40,Tokyo,239
9001,41,Niigata,16
9001,41,Tokyo,233
9001,42,Niigata,17
9001,42,Tokyo,206
9001,43,Niigata,22
9001,43,Tokyo,207
9001,44,Niigata,18
9001,44,Tokyo,208
9001,45,Niigata,12
9001,45,Tokyo,226
9001,46,Niigata,15
9001,46,Tokyo,229
9100,1,Niigata,9
9100,1,Tokyo,71
9100,2,Niigata,19
9100,2,Tokyo,104
9100,3,Niigata,10
9100,3,Tokyo,101
9100,4,Niigata,14
9100,4,Tokyo,129
9100,5,Niigata,15
9100,5,Tokyo,111
9100,6,Niigata,34
9100,6,Tokyo,94
9100,7,Niigata,13
9100,7,Tokyo,107
9100,8,Niigata,18
9100,8,Tokyo,71
9100,9,Niigata,12
9100,9,Tokyo,76
9100,10,Niigata,10
9100,10,Tokyo,59
9100,11,Niigata,20
9100,11,Tokyo,61
9100,12,Niigata,27
9100,12,Tokyo,67
9100,13,Niigata,42
9100,13,Tokyo,62
9100,14,Niigata,22
9100,14,Tokyo,44
9100,15,Niigata,14
9100,15,Tokyo,43
9100,16,Niigata,19
9100,16,Tokyo,43
9100,17,Niigata,22
9100,17,Tokyo,53
9100,18,Niigata,22
9100,18,Tokyo,65
9100,19,Niigata,52
9100,19,Tokyo,57
9100,20,Niigata,99
9100,20,Tokyo,61
9100,21,Niigata,154
9100,21,Tokyo,51
9100,22,Niigata,168
9100,22,Tokyo,53
9100,23,Niigata,156
9100,23,Tokyo,38
9100,24,Niigata,89
9100,24,Tokyo,34
9100,25,Niigata,42
9100,25,Tokyo,45
9100,26,Niigata,25
9100,26,Tokyo,52
9100,27,Niigata,42
9100,27,Tokyo,25
9100,28,Niigata,29
9100,28,Tokyo,30
9100,29,Niigata,26
9100,29,Tokyo,36
9100,30,Niigata,19
9100,30,Tokyo,30
9100,31,Niigata,25
9100,31,Tokyo,31
9100,32,Niigata,30
9100,32,Tokyo,43
9100,33,Niigata,17
9100,33,Tokyo,42
9100,34,Niigata,27
9100,34,Tokyo,31
9100,35,Niigata,29
9100,35,Tokyo,47
9100,36,Niigata,36
9100,36,Tokyo,47
9100,37,Niigata,34
9100,37,Tokyo,43
9100,38,Niigata,23
9100,38,Tokyo,38
9100,39,Niigata,22
9100,39,Tokyo,39
9100,40,Niigata,24
9100,40,Tokyo,39
9100,41,Niigata,24
9100,41,Tokyo,42
9100,42,Niigata,36
9100,42,Tokyo,37
9100,43,Niigata,32
9100,43,Tokyo,50
9100,44,Niigata,20
9100,44,Tokyo,79
9100,45,Niigata,31
9100,45,Tokyo,40
9100,46,Niigata,12
9100,46,Tokyo,49
9200,1,Niigata,73
9200,1,Tokyo,60
9200,2,Niigata,77
9200,2,Tokyo,76
9200,3,Niigata,66
9200,3,Tokyo,68
9200,4,Niigata,86
9200,4,Tokyo,74
9200,5,Niigata,97
9200,5,Tokyo,50
9200,6,Niigata,122
9200,6,Tokyo,50
9200,7,Niigata,117
9200,7,Tokyo,45
9200,8,Niigata,132
9200,8,Tokyo,72
9200,9,Niigata,97
9200,9,Tokyo,90
9200,10,Niigata,124
9200,10,Tokyo,75
9200,11,Niigata,130
9200,11,Tokyo,110
9200,12,Niigata,112
9200,12,Tokyo,94
9200,13,Niigata,84
9200,13,Tokyo,73
9200,14,Niigata,61
9200,14,Tokyo,44
9200,15,Niigata,85
9200,15,Tokyo,49
9200,16,Niigata,94
9200,16,Tokyo,50
9200,17,Niigata,73
9200,17,Tokyo,56
9200,18,Niigata,62
9200,18,Tokyo,62
9200,19,Niigata,72
9200,19,Tokyo,53
9200,20,Niigata,72
9200,20,Tokyo,58
9200,21,Niigata,88
9200,21,Tokyo,64
9200,22,Niigata,54
9200,22,Tokyo,56
9200,23,Niigata,74
9200,23,Tokyo,59
9200,24,Niigata,61
9200,24,Tokyo,48
9200,25,Niigata,64
9200,25,Tokyo,48
9200,26,Niigata,68
9200,26,Tokyo,53
9200,27,Niigata,89
9200,27,Tokyo,42
9200,28,Niigata,93
9200,28,Tokyo,55
9200,29,Niigata,109
9200,29,Tokyo,57
9200,30,Niigata,91
9200,30,Tokyo,57
9200,31,Niigata,117
9200,31,Tokyo,46
9200,32,Niigata,103
9200,32,Tokyo,42
9200,33,Niigata,130
9200,33,Tokyo,59
9200,34,Niigata,117
9200,34,Tokyo,71
9200,35,Niigata,117
9200,35,Tokyo,43
9200,36,Niigata,137
9200,36,Tokyo,45
9200,37,Niigata,126
9200,37,Tokyo,52
9200,38,Niigata,133
9200,38,Tokyo,41
9200,39,Niigata,97
9200,39,Tokyo,50
9200,40,Niigata,88
9200,40,Tokyo,42
9200,41,Niigata,104
9200,41,Tokyo,53
9200,42,Niigata,108
9200,42,Tokyo,45
9200,43,Niigata,75
9200,43,Tokyo,43
9200,44,Niigata,67
9200,44,Tokyo,42
9200,45,Niigata,112
9200,45,Tokyo,42
9200,46,Niigata,100
9200,46,Tokyo,54
9999,1,Niigata,22
9999,1,Tokyo,204
9999,2,Niigata,22
9999,2,Tokyo,252
9999,3,Niigata,27
9999,3,Tokyo,176
9999,4,Niigata,44
9999,4,Tokyo,143
9999,5,Niigata,40
9999,5,Tokyo,167
9999,6,Niigata,33
9999,6,Tokyo,179
9999,7,Niigata,19
9999,7,Tokyo,204
9999,8,Niigata,35
9999,8,Tokyo,233
9999,9,Niigata,21
9999,9,Tokyo,173
9999,10,Niigata,35
9999,10,Tokyo,157
9999,11,Niigata,31
9999,11,Tokyo,131
9999,12,Niigata,33
9999,12,Tokyo,157
9999,13,Niigata,27
9999,13,Tokyo,147
9999,14,Niigata,34
9999,14,Tokyo,159
9999,15,Niigata,32
9999,15,Tokyo,147
9999,16,Niigata,31
9999,16,Tokyo,138
9999,17,Niigata,32
9999,17,Tokyo,148
9999,18,Niigata,24
9999,18,Tokyo,182
9999,19,Niigata,36
9999,19,Tokyo,189
9999,20,Niigata,55
9999,20,Tokyo,160
9999,21,Niigata,35
9999,21,Tokyo,112
9999,22,Niigata,36
9999,22,Tokyo,148
9999,23,Niigata,42
9999,23,Tokyo,149
9999,24,Niigata,34
9999,24,Tokyo,169
9999,25,Niigata,32
9999,25,Tokyo,133
9999,26,Niigata,26
9999,26,Tokyo,146
9999,27,Niigata,56
9999,27,Tokyo,131
9999,28,Niigata,42
9999,28,Tokyo,151
9999,29,Niigata,34
9999,29,Tokyo,133
9999,30,Niigata,35
9999,30,Tokyo,125
9999,31,Niigata,34
9999,31,Tokyo,154
9999,32,Niigata,51
9999,32,Tokyo,120
9999,33,Niigata,49
9999,33,Tokyo,149
9999,34,Niigata,50
9999,34,Tokyo,129
9999,35,Niigata,48
9999,35,Tokyo,158
9999,36,Niigata,48
9999,36,Tokyo,136
9999,37,Niigata,39
9999,37,Tokyo,140
9999,38,Niigata,49
9999,38,Tokyo,151
9999,39,Niigata,74
9999,39,Tokyo,121
9999,40,Niigata,66
9999,40,Tokyo,150
9999,41,Niigata,51
9999,41,Tokyo,158
9999,42,Niigata,59
9999,42,Tokyo,170
9999,43,Niigata,81
9999,43,Tokyo,152
9999,44,Niigata,84
9999,44,Tokyo,158
9999,45,Niigata,70
9999,45,Tokyo,191
9999,46,Niigata,74
9999,46,Tokyo,170
